name	count	address	city	country	nb_subjects	latitude	longitude
169 Newton Road, Narayanan Lab / University of Iowa	4	169, Newton Road, Ōmāpere, Kaikohe-Hokianga Community, Far North District, Northland, 0444, New Zealand / Aotearoa	Kaikohe-Hokianga Community	New Zealand / Aotearoa	581	-35.5348887	173.4036413
Aarhus University, Finlandsgade 22, 8200 Aarhus N	1	22, Finlandsgade, IT-Byen Katrinebjerg, Risskov Brynet, Aarhus, Aarhus Kommune, Region Midtjylland, 8200, Danmark	Aarhus	Danmark	9	56.172021	10.191144
Animage, Value was not specified	2	Animage, Rue Albert Camus, Crédit Mutuel de Bretagne, Le Costour, Guipavas, Brest, Finistère, Bretagne, France métropolitaine, 29490, France		France	39	48.4046363	-4.4196372
Anon, Anon	1	Anón, Ponce, Puerto Rico, United States	Ponce	United States	31	18.1430534	-66.5929126
Arkansas Children Nutrition Center, University of Arkansas for Medical sciences, 15 Children's Way, Little Rock, ARK, 72202	2				119
Aston university, Birmingham	1	Aston University, Love Lane, Vauxhall, Birmingham, West Midlands Combined Authority, England, B7 4BB, United Kingdom	Birmingham	United Kingdom	47	52.48620975	-1.888502354328005
Athinoula A. Martinos Center for Biomedical Imaging	1				14
Az.Osp._Udine	1				55
Azienda Ospedaliera San Giovanni, Via san Leonardo StreetNo,Salerno,District,IT,84100	1	Azienda Ospedaliera Ospedale di Circolo di Busto Arsizio, Via Arnaldo da Brescia, San Giuseppe, Busto Arsizio, Varese, Lombardia, 21052, Italia		Italia	82	45.6225229	8.845713034285712
Azinhaga Santa Comba StreetNo,Coimbra,District,PT,3000	1	Coimbra, Portugal		Portugal	10	40.22153715	-8.338105934554843
BBL_-_University_of_Geneva	1				18
BBL_-_University_of_Geneva, Rue_Michel-Servet_1_Geneve_7B6CD6_District_CH_1211	1				18
BBL_-_University_of_Geneva, Rue_Michel-Servet_1_Geneve_District_CH_1211	1				24
BCBL	1				25
BCBL, Mikeletegi_69_San_Sebastian_District_ES_20009	3				65
BCH, Harvard Medical School, 1 Autumn Street, Boston, MA 02215, USA	1	Bandar Country Homes, Majlis Perbandaran Selayang, Gombak, 48000, Malaysia	Majlis Perbandaran Selayang	Malaysia	226	3.3291022	101.5326883
BIC, Street_StreetNo_Berkeley_District_US_ZIP	1	Bic, Șimleu Silvaniei, Sălaj, 455301, România		România	3	47.1920434	22.8273354
BMMR, Brenneckestr._6_Magdeburg_District_DE_39118	1				1
BNU_MRI_Center, Xinjiekouwai_Street_No_19_Beijing_Haidian_District_CN_100875	2	新街口外大街, 北太平庄街道, 海淀区, 北京市, 100875, 中国	海淀区	中国	62	39.9533701	116.3650181
BRIDGE_Center, Forbes_Ave_4400_Pittsburgh_PA_US_15213	1	Carnegie Library of Pittsburgh, 4400, Forbes Avenue, Schenley Farms Historic District, North Oakland, Pittsburgh, Allegheny County, Pennsylvania, 15213, United States	Pittsburgh	United States	4	40.4427958	-79.95051584634328
BROWN_UNIVERSITY_MRF	1				20
BROWN_UNIVERSITY_MRF, Olive_Street_60_Providence_RI_US_02912	1	60, Olive Street, College Hill, Providence, Providence County, Rhode Island, 02906, United States	Providence	United States	29	41.828339729166665	-71.4038116875
BU, Commonwealth Ave. 610,Boston,Massachusetts,US,02215	1	Center for Integrated Life Sciences and Engineering, 610, Commonwealth Avenue, Audubon Square, Fenway / Kenmore, Boston, Suffolk County, Massachusetts, 02215, United States	Boston	United States	16	42.349057900000005	-71.10154514999999
BU, Commonwealth_Ave._610_Boston_Massachusetts_US_02215	1	Center for Integrated Life Sciences and Engineering, 610, Commonwealth Avenue, Audubon Square, Fenway / Kenmore, Boston, Suffolk County, Massachusetts, 02215, United States	Boston	United States	8	42.349057900000005	-71.10154514999999
Barnes-Jewish Hosp smra, South Euclid Street 499,St Louis ,District,US,63110	1				41
Bedford_Way_26_London_London_GB_WC1H_0AP	1	26 Bedford Way, 26, Bedford Way, St Pancras, London Borough of Camden, London, Greater London, England, WC1H 0JX, United Kingdom	London	United Kingdom	86	51.5239235	-0.1289356368007011
BeiJing Normal University, Street StreetNo,Bei Jing,District,CN,ZIP	1	北京师范大学, 19, 新街口外大街, 德胜街道, 首都功能核心区, 西城区, 北京市, 100875, 中国	西城区	中国	30	39.959732	116.35973697755406
BeiJing_Normal_University, Street_StreetNo_Bei_Jing_District_CN_ZIP	4	北京师范大学, 19, 新街口外大街, 德胜街道, 首都功能核心区, 西城区, 北京市, 100875, 中国	西城区	中国	123	39.959732	116.35973697755406
Beijing Normal University, 19 Xinjiekouwai Avenue, Haidian Beijing, China	1	北京师范大学, 19, 新街口外大街, 德胜街道, 首都功能核心区, 西城区, 北京市, 100875, 中国	西城区	中国	59	39.959732	116.35973697755406
Beijing_MRI_Center_for_Brain_Research, Datun_road_15_Beijing_29A426_Chaoyang_CN_100101	1				5
Beijing_MRI_Center_for_Brain_Research, Datun_road_15_Beijing_39EB26_Chaoyang_CN_100101	1				5
Beijing_MRI_Center_for_Brain_Research, Datun_road_15_Beijing_Chaoyang_CN_100101	1	Academy of Science. Inst. f. Biophysics, 15, 大屯路, 朝阳区, 北京市, 100191, 中国	朝阳区	中国	12	40.0006778	116.3715809
Beijing_Normal_Universtiy_317710, Xinjiekouwai_Street_No_19_Beijing_Haidian_District_CN_100875	1	新街口外大街, 北太平庄街道, 海淀区, 北京市, 100875, 中国	海淀区	中国	32	39.9533701	116.3650181
Beijing_Normal_Universtiy_7C3C54, Xinjiekouwai_Street_No_19_Beijing_Haidian_District_CN_100875	1	新街口外大街, 北太平庄街道, 海淀区, 北京市, 100875, 中国	海淀区	中国	30	39.9533701	116.3650181
Blackburn_Road_770_Clayton_Victoria_AU_3168	2	770, Blackburn Road, Clayton, Melbourne, City of Monash, Victoria, 3168, Australia	Melbourne	Australia	25	-37.9124624	145.1414962
Brain_Imaging_Center, Street_StreetNo_Berkeley_District_US_ZIP	1	Cooperative Brain Imaging Center, Heinrich-Hoffmann-Straße, Niederrad, Süd, Frankfurt am Main, Hessen, 60528, Deutschland	Frankfurt am Main	Deutschland	3	50.092724000000004	8.651836515790597
Brain_Imaging_Center_(BIC), Schleusenweg_2-16_Frankfurt_District_DE_60528	1				29
Brain_Imaging_Center_UCDenver_3T	1				58
Brains Unlimited, Oxfordlaan 55,Maastricht,Limburg,NL,6229 EV	1	55, Oxfordlaan, Randwyck, Maastricht-Zuidoost, Maastricht, Limburg, Nederland, 6229 EV, Nederland	Maastricht	Nederland	6	50.8317757	5.7153191
Brigham_Young_University, University_Pkwy_1700_North_685_Provo_336C48_UT_US_84601	1	Brigham Young University, University Avenue, Carterville, Provo, Utah County, Utah, 84602, United States	Provo	United States	35	40.25501105	-111.64968264312222
Brigham_Young_University, University_Pkwy_1700_North_685_Provo_AEC1C0_UT_US_84601	2	Brigham Young University, University Avenue, Carterville, Provo, Utah County, Utah, 84602, United States	Provo	United States	157	40.25501105	-111.64968264312222
Brigham_Young_University, University_Pkwy_1700_North_685_Provo_FC28C0_UT_US_84601	2	Brigham Young University, University Avenue, Carterville, Provo, Utah County, Utah, 84602, United States	Provo	United States	73	40.25501105	-111.64968264312222
Brigham_Young_University, University_Pkwy_1700_North_685_Provo_UT_US_84601	7	Brigham Young University, University Avenue, Carterville, Provo, Utah County, Utah, 84602, United States	Provo	United States	270	40.25501105	-111.64968264312222
Brown	3	Brown County, Texas, United States		United States	247	31.7525184	-98.9904722
Bruker, Value was not specified	1	Bruker, Heronbank, Tanyard Farm, Eastern Green, Coventry, West Midlands Combined Authority, England, CV4 9XN, United Kingdom	Coventry	United Kingdom	10	52.4053763	-1.5984738533364373
Brunel University, Street StreetNo,Egham,SE,GB,TW20 0EX	1	Brunel University London, Kingston Lane, Hillingdon, London Borough of Hillingdon, London, Greater London, England, UB8 3PQ, United Kingdom	London	United Kingdom	26	51.5326092	-0.47404989072672915
CAMH	1	Centre For Addiction and Mental Health - Queen Street Site, 1001, Queen Street West, Ossington, Spadina—Fort York, Old Toronto, Toronto, Golden Horseshoe, Ontario, M6J 1H4, Canada	Old Toronto	Canada	4	43.64303255	-79.41863921524028
CAMRI, Nortwestern University	4	Camri, Carrer d'Itàlia / Calle Italia, Raval de Sant Francesc, l'Eixample, Alacant / Alicante, l'Alacantí, Alacant / Alicante, Comunitat Valenciana, 03003, España	Alacant / Alicante	España	210	38.3399961	-0.4919828
CAMRI, Nortwestern University, Fairbanks_710_Chicago_Chicago_US_60611	2	Camri, Carrer d'Itàlia / Calle Italia, Raval de Sant Francesc, l'Eixample, Alacant / Alicante, l'Alacantí, Alacant / Alicante, Comunitat Valenciana, 03003, España	Alacant / Alicante	España	103	38.3399961	-0.4919828
CBIC, E 72nd Street 516,NYC ,NYC,US,10021	1	516, East 72nd Street, Lenox Hill, Manhattan, New York County, City of New York, New York, 10021, United States	City of New York	United States	11	40.7662	-73.95304500985507
CBIC, E_72nd_Street_516_NYC_NYC_US_10021	1	516, East 72nd Street, Lenox Hill, Manhattan, New York County, City of New York, New York, 10021, United States	City of New York	United States	1	40.7662	-73.95304500985507
CBS_Neuroimaging, Oxford_52_Cambridge_MA_US_02138	3				38
CBU	1	CBU, Jambo Drive, Parklands, Kitwe, Kitwe District, Copperbelt Province, 1001, Zambia	Kitwe	Zambia	35	-12.8004714	28.2389138
CCIR_PRISMA, South_Kingshighway_510_Saint_Louis_MO_US_63110	1	510, South Kingshighway Boulevard, Saint Louis, Missouri, 63110, United States	Saint Louis	United States	3	38.636374204545454	-90.26596688636364
CEMEREM 7T, RUE ST PIERRE 264,Marseille,District,FR,13006	1				21
CEMEREM, RUE_ST_PIERRE_264_MARSEILLE...92C536..._District_FR_13006	1	CEMEREM, Boulevard Testaniére, Baille, Marseille 5e Arrondissement, Marseille, Bouches-du-Rhône, Provence-Alpes-Côte d'Azur, France métropolitaine, 13005, France	Marseille	France	254	43.2882852	5.4048865
CHIBA_UNIV_HOSPITAL	4				25
CHU de Rennes, CHU de Rennes, Hopital de Pontchaillou, 2 rue Henri le Guilloux, 35033 Rennes cedex 09	4	Hôpital Pontchaillou, 2, Rue Henri Le Guilloux, Atalante-Villejean, Villejean, Villejean - Beauregard, Quartiers Nord-Ouest, Rennes, Ille-et-Vilaine, Bretagne, France métropolitaine, 35000, France	Rennes	France	86	48.12074235	-1.6948572085388307
CHU_PONTCHAILLOU	2	Hôpital Pontchaillou, 2, Rue Henri Le Guilloux, Atalante-Villejean, Villejean, Villejean - Beauregard, Quartiers Nord-Ouest, Rennes, Ille-et-Vilaine, Bretagne, France métropolitaine, 35000, France	Rennes	France	27	48.12074235	-1.6948572085388307
CHU_PONTCHAILLOU, Henri_le_Guilloux_2_Rennes_2A6CA1_District_FR_35000	1	Hôpital Pontchaillou, 2, Rue Henri Le Guilloux, Atalante-Villejean, Villejean, Villejean - Beauregard, Quartiers Nord-Ouest, Rennes, Ille-et-Vilaine, Bretagne, France métropolitaine, 35000, France	Rennes	France	17	48.12074235	-1.6948572085388307
CHU_PONTCHAILLOU, Henri_le_Guilloux_2_Rennes_3BA938_District_FR_35000	1	Hôpital Pontchaillou, 2, Rue Henri Le Guilloux, Atalante-Villejean, Villejean, Villejean - Beauregard, Quartiers Nord-Ouest, Rennes, Ille-et-Vilaine, Bretagne, France métropolitaine, 35000, France	Rennes	France	10	48.12074235	-1.6948572085388307
CIBM Center for Biomedical Imaging, Switzerland	2	Schweiz/Suisse/Svizzera/Svizra		Schweiz/Suisse/Svizzera/Svizra	41	46.7985624	8.2319736
CIEA Japan	1	CIEA, 12, 殿町三丁目, 殿町, 川崎区, 川崎市, 神奈川県, 210-0821, 日本	川崎市	日本	7	35.5402159	139.75428217912713
CISC, Street_StreetNo_Falmer_Brighton_District_GB_BN1_9RR	1	CISC, 611, South Lane Street, Chinatown, Chinatown/International District, Seattle, King County, Washington, 98104, United States	Seattle	United States	127	47.5963366	-122.3254653
CMR of Peking Univeristy, Yiheyuan Road 5,Beijing  0FCA35,Haidian,CN,100871	1				12
CMRR 7T/AS, Sixth Street SE 2021,Minneapolis,District,US,55455	1				10
CMRR 7T/PS, 6th Street SE 2021,Minneapolis/23c034/,Chicago,US,55455	1				6
CMRR_3T-A, 6th_SE_2021_Minneapolis_Minnesota_US_55455	2				5
CMRR_3T-B, 6th_SE_2021_Minneapolis_Minneapolis_US_55455	1				11
CMRR_7T_PS, 6th_Street_SE_2021_Minneapolis_0735BC_Chicago_US_55455	2				15
CMRR_7T_PS, 6th_Street_SE_2021_Minneapolis_114426_Chicago_US_55455	1				1
CMRR_7T_PS, 6th_Street_SE_2021_Minneapolis_408126_Chicago_US_55455	1				11
CNI	2	长海机场, 长长线, 大长山岛镇, 长海县, 大连市, 辽宁省, 116500, 中国	长海县	中国	50	39.2669024	122.66609742575719
CORSTIM, Montpellier, France	1	Montpellier, Hérault, Occitanie, France métropolitaine, France	Montpellier	France	16	43.6112422	3.8767337
CUBIC_MRI_Unit, Street_StreetNo_Egham_SE_GB_TW20_0EX	1				30
Caltech Tim32, Wilson Avenue 340 ,Pasadena,California,US,91025	2	Wilson Avenue, Pasadena, California, 91125, United States	Pasadena	United States	132	34.1368768	-118.1278372
Center_for_Information_and_Neural_Networks, Street_StreetNo_B390A3_District_JP_ZIP	2	脳情報通信融合研究センター, 茨木摂津線, 山田丘, 吹田市, 大阪府, 565-0871, 日本	吹田市	日本	11	34.81703535	135.52827615267086
Center_of_BrainImaging_Uni-Marburg, Rudolf-Bultmann-Strasse_8_Marburg_District_DE_35039	1				34
Center_of_BrainImaging_Uni-Marburg, deleted_by_bidsonym	1				10
Centre Hospitalier Universitaire Vaudois (CHUV), Rue du Bugnon 46, 1011 Lausanne, Switzerland	1	Centre hospitalier universitaire vaudois, 46, Rue du Bugnon, Lausanne, District de Lausanne, Vaud, 1011, Schweiz/Suisse/Svizzera/Svizra	Lausanne	Schweiz/Suisse/Svizzera/Svizra	20	46.525507950000005	6.642268736084432
Centre for Biomedical Technology (CTB) - Technical University of Madrid (UPM), Parque Cientifico y Tecnologico de la UPM, Crta. M40, Km. 38, 28223 Pozuelo de Alarcon, Madrid.	1				21
Cermep, Bd_Pinel_59_Bron_District_FR_69500	1	Cermep, Promenade du Docteur Christian Paulus, Le Vinatier, Bron, Lyon, Métropole de Lyon, Rhône, Auvergne-Rhône-Alpes, France métropolitaine, 69500, France		France	1	45.747111700000005	4.900972606098229
CiNet, Yamadaoka_1-4_Suita-shi_Osaka_JP_565-0871	1	山田丘, 吹田市, 大阪府, 565-0871, 日本	吹田市	日本	29	34.8209154	135.5242456
Clinica_Alemana_La_Dehesa, Av_Jose_Alcalde_Delano_12205_Santiago_Metropolitana_CL_ZIP	1	Clínica Alemana La Dehesa, 12205, Avenida José Alcalde Délano, Las Pataguas, Lo Barnechea, Provincia de Santiago, Región Metropolitana de Santiago, 7690286, Chile	Lo Barnechea	Chile	53	-33.354945099999995	-70.52562411922924
College of William & Mary, Williamsburg, VA	1	College of William and Mary, Mimosa Drive, Williamsburg, Williamsburg (city), Virginia, 23185, United States	Williamsburg	United States	62	37.269093350000006	-76.72205093001696
Columbia University, NY, USA, 550W 120th Street, New York, NY 10027, USA	1	Columbia University, West 120th Street, Manhattan Community Board 9, Manhattan, New York County, City of New York, New York, 10027, United States	City of New York	United States	40	40.80775585	-73.96161411567529
Cornell University	1	Cornell University, City of Ithaca, Town of Dryden, Tompkins County, New York, 14850, United States	City of Ithaca	United States	26	42.4529076	-76.48008423030923
DGMIF, Street StreetNo,City /652E4B/,District,KR,ZIP	1				35
DRCMR_HVIDOVRE, 30Kettegaard_Alle_Copenhagen_Hvidovre_DK-2650_DK	2	DRCMR, Nordre Hospitalsvej, Bavnebakken, Hvidovre Kommune, Region Hovedstaden, 2650, Danmark		Danmark	3	55.6494633	12.4650789
Dartmouth Brain Imaging Center, Dartmouth College, 6207 Moore Hall, Hanover NH, 03755	1				12
Dartmouth College - PBS, Maynard 3,Hanover,NH,US,03755	1	Native American House Parking Lot, 3, Maynard Street, Hanover, Grafton County, New Hampshire, 03755, United States		United States	5	43.7072127	-72.28830700290322
Dartmouth College, 6207 Moore Hall, Hanover NH, 03755, USA	1	Dartmouth College, Church Street, Norwich, Windsor County, Vermont, 03755, United States		United States	12	43.70467565	-72.29420886774966
Dartmouth_College_-_PBS, Maynard_3_Hanover_NH_US_03755	5	Native American House Parking Lot, 3, Maynard Street, Hanover, Grafton County, New Hampshire, 03755, United States		United States	107	43.7072127	-72.28830700290322
De_Pintelaan_185_Gent_District_BE_9000	2				60
Department of Cognitive Sciences, 2201 Social & Behavioral Sciences Gateway Building, University of California, Irvine. Irvine, CA 92697-5100	1	Department of Cognitive, Linguistic, and Psychological Sciences, 190, Thayer Street, College Hill, Providence, Providence County, Rhode Island, 02912, United States	Providence	United States	17	41.8268003	-71.4006833
Department of Neurosurgery, University Hospital Zurich, Frauenklinikstrasse 10, 8091 Zurich	1				14
Department of Neurosurgery, University Hospital Zurich, Rämistrasse 100, 8091 Zurich	1				10
Department of Psychology, University of Amsterdam, Nieuwe Achtergracht 129B; 1018 WS, Amsterdam, The Netherlands	1	Department of Psychology, 699, Broadway, Greenwich Village, Manhattan, New York County, City of New York, New York, 10003, United States	City of New York	United States	47	40.728970849999996	-73.99447155197262
Deutsches_Primatenzentrum_GmbH	1				24
Douglas Mental Health Research Center, Value was not specified	1				15
Duke Univ Hosp MR5	1				75
Duke University	1	Duke University, Rex Street, West End, Durham, Durham County, North Carolina, 27708, United States	Durham	United States	45	36.00015569999999	-78.94422972195878
Duke University, Durham, North Carolina, USA	1	Duke University, Rex Street, West End, Durham, Durham County, North Carolina, 27708, United States	Durham	United States	55	36.00015569999999	-78.94422972195878
E 24th St. 100,Austin,Southmiddle,US,78712	1	Norman Hackerman Building, 100, East 24th Street, The Drag, Austin, Travis County, Texas, 78712, United States	Austin	United States	1	30.28765405	-97.73801664999999
EAST_CHINA_NORMAL_UNIVERSITY, ZHONG_SHAN_BEI_3663_SHANGHAI_District_CN_200062	1	华东师范大学, 3663, 中山北路, 林家港, 长风新村街道, 曹家渡, 普陀区, 上海市, 200062, 中国	普陀区	中国	1	31.2284923	121.40211388976886
EPFL	1	École Polytechnique Fédérale de Lausanne, Chemin du Roz, Quartier Lac, Saint-Sulpice, District de l'Ouest lausannois, Vaud, 1025, Schweiz/Suisse/Svizzera/Svizra		Schweiz/Suisse/Svizzera/Svizra	19	46.518659400000004	6.566561505148001
EPFL, Chemin des Mines 9, 1202 Genève	1	GS Banque SA (Genève WISS BANK), 9, Chemin des Mines, Sécheron, Pâquis, Genève, 1202, Schweiz/Suisse/Svizzera/Svizra	Genève	Schweiz/Suisse/Svizzera/Svizra	14	46.2223878	6.1478206
ETH Zurich	2	ETH Zürich, 130, Binzmühlestrasse, Oerlikon, Kreis 11, Zürich, Bezirk Zürich, Zürich, 8050, Schweiz/Suisse/Svizzera/Svizra	Zürich	Schweiz/Suisse/Svizzera/Svizra	54	47.413218	8.5374914
EVKB_Mara_1, Maraweg_21_Bielefeld_District_DE_33617	3				7
East_China_Normal_University, ZHONG_SHAN_BEI_3663_SHANGHAI_5d389c_District_CN_200062	1	华东师范大学, 3663, 中山北路, 林家港, 长风新村街道, 曹家渡, 普陀区, 上海市, 200062, 中国	普陀区	中国	1	31.2284923	121.40211388976886
East_China_Normal_University, ZHONG_SHAN_BEI_3663_SHANGHAI_District_CN_200062	3	华东师范大学, 3663, 中山北路, 林家港, 长风新村街道, 曹家渡, 普陀区, 上海市, 200062, 中国	普陀区	中国	147	31.2284923	121.40211388976886
Emory_University, Clifton_Rd_NE_1481_Atlanta_GA_US_30322	1	Emory University Hospital Valet Parking, 201, Clifton Road Northeast, Emory Highlands, Druid Hills, North Decatur, DeKalb County, Georgia, 30322, United States		United States	32	33.7918282	-84.3211756
Epilepsy Centre, University Hospital Freiburg, Germany, n/a	1	Child Neurology and Epilepsy Centre, Astron Chowk Road, Rajkot, Rajkot East Taluka, Rajkot District, Gujarat, 360002, India	Rajkot	India	1	22.2912373	70.7875604
Evanston_Hospital	1	Evanston Hospital, 2650, Ridge Avenue, Evanston, Evanston Township, Cook County, Illinois, 60201, United States	Evanston	United States	91	42.06460645	-87.68446376519424
Experimental_Psychology, De_Pintelaan_185_Gent_District_BE_9000	2	Faculty of Education and Psychology, City Bus Stand Internal Road, Alkapuri, Vadodara, Vadodara Rural Taluka, Vadodara District, Gujarat, 390001, India	Vadodara	India	60	22.311520950000002	73.18329301193614
FIL, Queen Square 12,London,Southeast,GB,WC1N 3BG	2	Fil, Breil/Brigels, Surselva, Graubünden/Grischun/Grigioni, 7165, Schweiz/Suisse/Svizzera/Svizra		Schweiz/Suisse/Svizzera/Svizra	82	46.8084207	9.0597509
FIU_Center_For_Imaging_Science, SW_8TH_ST_OE116_11200_MIAMI_Med-Lab_US_33199	1				1
FSU_Jena, Philosophenweg_3_Jena_Thueringen_DE_07743	1	Werner-Kaiser-MRT-Forschungszentrum, 3, Philosophenweg, Zentrum, Jena-Zentrum, Jena, Thüringen, 07743, Deutschland	Jena	Deutschland	32	50.932614099999995	11.58110745864127
Fondation_Campus_Biotech_Geneva, Chemin_des_Mines_9_Geneve_District_CH_1211	1				20
Freie Universitaet, Habelschwerdter Allee 45,Berlin,District,DE,14195	2	Freie Universität (Thielplatz), Löhleinstraße, Dahlem, Steglitz-Zehlendorf, Berlin, 14195, Deutschland	Berlin	Deutschland	73	52.4510388	13.281744
Freie Universität Berlin, Habelschwerdter Allee 45,Berlin,District,DE,14195	1	Freie Universität Berlin, Fabeckstraße, Lichterfelde West, Dahlem, Steglitz-Zehlendorf, Berlin, 14195, Deutschland	Berlin	Deutschland	29	52.45285645	13.290724942928117
Freie_Universitaet, Habelschwerdter_Allee_45_Berlin_District_DE_14195	2	Freie Universität (Thielplatz), Löhleinstraße, Dahlem, Steglitz-Zehlendorf, Berlin, 14195, Deutschland	Berlin	Deutschland	45	52.4510388	13.281744
Graz University of Technology, Institute of Neural Engineering, Stremayrgasse 16/IV, 8010 Graz, Austria	1	Technische Universität Graz, Plüddemanngasse, Sankt Leonhard, Graz, Steiermark, 8010, Österreich	Graz	Österreich	20	47.058199900000005	15.460187434162261
HFR_Hopital_Cantonal_Fribourg	1	HFR Fribourg – Hôpital cantonal, 2-6, Chemin des Pensionnats, Platy, Villars-sur-Glâne, District de la Sarine, Fribourg/Freiburg, 1752, Schweiz/Suisse/Svizzera/Svizra		Schweiz/Suisse/Svizzera/Svizra	20	46.80191755	7.137948440709019
HIRF, Herston Road 300,Brisbane,Queensland,AU,4006	1	QIMR Bancroft Central, 300, Herston Road, Herston, Greater Brisbane, Queensland, 4029, Australia		Australia	18	-27.449577400000003	153.02742970905695
HUP, Spruce Street 3400,Philadelphia,Pennsylvania,US,19104	1	Hospital of the University of Pennsylvania, 3400, Spruce Street, University City, Philadelphia, Philadelphia County, Pennsylvania, 19104, United States	Philadelphia	United States	3	39.94994805	-75.1941014226351
HUP6	1				1
Haukeland_universitetssjukehus	1	Haukeland Universitetssjukehus, Jonas Lies vei, Alrekstad, Årstad, Bergenhus, Bergen, Vestland, 5021, Norge	Bergen	Norge	1	60.37358075	5.359049775587874
Hebrew University, Jerusalem_Israel	1	האוניברסיטה העברית - גבעת רם, המוזיאונים, גבעת רם, ירושלים | القدس, נפת ירושלים, מחוז ירושלים, 9432531, ישראל	ירושלים | القدس	ישראל	20	31.77293975	35.197994954152726
HiroshimaCOI, Minami-ku Kasumi 1-2-3,/Hiroshima-shi/,Hiroshima,JP,734-0037	1				49
Hong Kong Polytechnic University	1	香港理工大學 Hong Kong Polytechnic University, 暢運道 Cheong Wan Road, 尖沙咀東 East Tsim Sha Tsui, 尖沙咀 Tsim Sha Tsui, 油尖旺區 Yau Tsim Mong District, 九龍 Kowloon, 香港 Hong Kong, 000000, 中国	九龍 Kowloon	中国	52	22.302644	114.1776025
I.N._Psiquiatria, Calzada_Mexico_Xochimilco_No.101_Tlalpan	2	Calzada México-Xochimilco, San Lorenzo Huipulco, Ciudad de México, Tlalpan, Ciudad de México, 14370, México	Ciudad de México	México	119	19.2977431	-99.1515984
IATM	1				88
IBILI, Azinhaga Santa Comba StreetNo,Coimbra,District,PT,3000	1	Ibili, Magama, Niger, Nigeria		Nigeria	10	10.5467685	5.3213332
IBMI, Brenneckestr._6_Magdeburg_District_DE_39118	1	IBMI, Avenida 8 de Abril, Cidade Alta, Cuiabá, Região Geográfica Imediata de Cuiabá, Região Geográfica Intermediária de Cuiabá, Mato Grosso, Região Centro-Oeste, 78030-970, Brasil	Cuiabá	Brasil	1	-15.605554600000001	-56.114946912200736
ICNAS, Azinhaga Santa Comba StreetNo,Coimbra,District,PT,3000	1	Instituto de Ciências Nucleares Aplicadas à Saúde, Rua Costa Simões, Celas, Santo António dos Olivais, Coimbra, 3000-548, Portugal	Coimbra	Portugal	10	40.2181612	-8.416054480806721
IFN_Magdeburg, Brenneckestr._6_Magdeburg_District_DE_39118	1				1
IM-FUNDACION_FAVALORO	1				1
INPRFM	1				145
INRA/03E5C6/, Street StreetNo,Nouzilly,District,FR,37380	1				24
INSERM_PURPAN	1	Inserm, Voie J. Baudot, Arènes Romaines - Saint-Martin-du-Touch, Toulouse Ouest, Toulouse, Haute-Garonne, Occitanie, France métropolitaine, 31300, France	Toulouse	France	4	43.611841150000004	1.4007263587649774
INSTITUTO_DE_NEUROBIOLOGIA	3	Instituto de Neurobiología, 201, Calle Norzagaray, La Perla, Viejo San Juan, San Juan, Puerto Rico, 00901, United States	San Juan	United States	93	18.4687694	-66.11875961596658
IUGM	1	Institut universitaire de gériatrie de Montréal, Chemin Queen Mary, Côte-des-Neiges–Notre-Dame-de-Grâce, Montréal, Agglomération de Montréal, Montréal (région administrative), Québec, H3W 1W6, Canada	Montréal	Canada	4	45.4912097	-73.62423690098909
IUGM, Chemin Queen-Mary 4565,Montreal,District,CA,H3W 1W5	3	Institut universitaire de gériatrie de Montréal, Chemin Queen Mary, Côte-des-Neiges–Notre-Dame-de-Grâce, Montréal, Agglomération de Montréal, Montréal (région administrative), Québec, H3W 1W6, Canada	Montréal	Canada	22	45.4912097	-73.62423690098909
IUGM, Chemin_Queen-Mary_4565_Montreal_District_CA_H3W_1W5	6	Institut universitaire de gériatrie de Montréal, Chemin Queen Mary, Côte-des-Neiges–Notre-Dame-de-Grâce, Montréal, Agglomération de Montréal, Montréal (région administrative), Québec, H3W 1W6, Canada	Montréal	Canada	33	45.4912097	-73.62423690098909
Indian Institute of Information Technology Allahabad, Indian Institute of Information Technology Allahabad  Devghat, Jhalwa, Prayagraj-211015, U. P. INDIA	1	Indian Institute of Information Technology Allahabad, IIITA Rd, Jhalwa, Prayagraj, Prayagraj District, Uttar Pradesh, 211015, India	Prayagraj	India	40	25.4297089	81.7728296231581
Indian Institute of Technology Gandhinanagar, India	1	India		India	20	22.3511148	78.6677428
Insitute of Noetic Sciences (IONS), Petaluma, CA, USA	1	Petaluma, Sonoma County, California, United States	Petaluma	United States	13	38.270022	-122.60612241304348
Institut de Neurosciences de la Timone	1	Institut de Neurosciences de la Timone, Boulevard Testaniére, Baille, Marseille 5e Arrondissement, Marseille, Bouches-du-Rhône, Provence-Alpes-Côte d'Azur, France métropolitaine, 13005, France	Marseille	France	20	43.287034000000006	5.403562169305362
Institut_Universitaire_de_Geriatrie_de_Montreal, Chemin_Queen-Mary_4565_Montreal_District_CA_H3W_1W5	1	Institut universitaire de gériatrie de Montréal, Avenue Isabella, Côte-des-Neiges–Notre-Dame-de-Grâce, Montréal, Agglomération de Montréal, Montréal (région administrative), Québec, H3W 2P1, Canada	Montréal	Canada	6	45.49063005	-73.62748630890064
Institute for Neural Computation, 9500 Gilman Dr, Dept 0523, La Jolla, CA 92093, USA	2				83
Institute of Clinical Neuroscience and Medical Psychology, Medical Faculty, Heinrich-Heine University Dusseldorf, Moorenstr. 5, 40225 Dusseldorf, Germany	1				2
Institute of Noetic Sciences, 101 San Antonio Rd, Petaluma, CA	1	Institute of Noetic Sciences, Suite 200, H Street, Petaluma, Sonoma County, California, 94952, United States	Petaluma	United States	20	38.2317417	-122.6301402
Institute of Psychology, Polish Academy of Sciences	1	Polska Akademia Nauk, 72, Nowy Świat, Centrum, Śródmieście Północne, Śródmieście, Warszawa, województwo mazowieckie, 00-330, Polska	Warszawa	Polska	52	52.2377936	21.0181978
Institute_of_Psychology_CAS	1				11
InstitutionNameProtected, InstitutionAddressProtected	1				1
Instytut Biologii Doswiadczalnej, Pasteura 3,Warszawa,District,PL,02093	1	Instytut Biologii Doświadczalnej PAN, Ludwika Pasteura, Osiedle Grójecka, Stara Ochota, Ochota, Warszawa, województwo mazowieckie, 02-093, Polska	Warszawa	Polska	25	52.2135559	20.983281104104996
Intermountain Neuroimaging Consortium, Exposition Drive 1777,Boulder,Denver,US,80301	1				395
Intermountain_Neuroimaging_Consortium, Exposition_Drive_1777_Boulder-D4A842-_Denver_US_80301	1				11
Intermountain_Neuroimaging_Consortium, Exposition_Drive_1777_Boulder-_6392da-_Denver_US_80301	1				47
Intermountain_Neuroimaging_Consortium, Exposition_Drive_1777_Boulder_905a50_Denver_US_80301	1				11
JSNN, East_Lee_St._2907_Greensboro_NC_US_27401	1	East Lee Street, Greensboro, Guilford County, North Carolina, 27406, United States	Greensboro	United States	62	36.035116	-79.700947
Jena University Hospital, Hans Knoell Str. 2, Floor 3, D-07745 Jena, Germany	1				12
Jiangsu Normal University	1	江苏师范大学, 101号, 上海路, 泰山街道, 铜山区, 徐州市, 江苏省, 221116, 中国	铜山区	中国	112	34.197473099999996	117.17333155341245
KAIST, Street StreetNo,/D435F5/ ,/D435F5/ ,KR,ZIP	1	한국과학기술원 문지캠퍼스, 193, 문지로, 문지동, 전민동, 유성구, 대전, 34051, 대한민국	대전	대한민국	23	36.3918399	127.39911617553201
KFU, Kopernikusstr. 26,Graz,Graz,AT,8010	1	Kohand, MDR114, Kohana, Gharaunda, Karnal District, Haryana, 132114, India		India	20	29.4956582	76.9685943
KFU, Kopernikusstr._26_Graz_Graz_AT_8010	6	Kohand, MDR114, Kohana, Gharaunda, Karnal District, Haryana, 132114, India		India	312	29.4956582	76.9685943
KFU, deleted_by_bidsonym	2	Kohand, MDR114, Kohana, Gharaunda, Karnal District, Haryana, 132114, India		India	88	29.4956582	76.9685943
Kennedy Krieger Institute	1	Kennedy Krieger Institute, Miller Street, Gay Street, Baltimore, Maryland, 21287, United States	Baltimore	United States	4	39.2998731	-76.59327771844121
Kings College London, Value was not specified	3	Global London College, Fleet Street, Blackfriars, City of London, Greater London, England, EC4Y 1EU, United Kingdom	City of London	United Kingdom	87	51.514331600000006	-0.10750152729540921
Klinikum rechts der Isar TUM, Ismaninger Strasse 22,Munich,81675,Germany	1	22, Ismaninger Straße, Maximilianeum, Au-Haidhausen, München, Bayern, 81675, Deutschland	München	Deutschland	20	48.1360291	11.6010419
Klinikum_rechts_der_Isar	1	Klinikum rechts der Isar, 22, Ismaninger Straße, Steinhausen, Au-Haidhausen, München, Bayern, 81675, Deutschland	München	Deutschland	23	48.1378387	11.601595648999911
Klinikum_rechts_der_Isar, Ismaninger_Strasse_22_Muenchen_Muenchen_DE_81675	1	Klinikum rechts der Isar, 22, Ismaninger Straße, Steinhausen, Au-Haidhausen, München, Bayern, 81675, Deutschland	München	Deutschland	20	48.1378387	11.601595648999911
Korea Univ., Street StreetNo,Seoul/60F3F3/,District,KR,ZIP	1	고려대, 145, 안암로, 종암동, 성북구, 서울특별시, 02841, 대한민국	서울특별시	대한민국	2	37.5903784	127.0360133
Korea University	3	고려대학교, 세종로, 조치원읍, 세종특별자치시, 30018, 대한민국	세종특별자치시	대한민국	57	36.6108905	127.2934246
LIN, Brenneckestr._6_Magdeburg_District_DE_39118	1	Aeroporto di Milano-Linate, Via Altiero Spinelli, Canzo, Mezzate, Peschiera Borromeo, Milano, Lombardia, 20068, Italia		Italia	1	45.44420495	9.277832922158506
Leibniz Institute for Neurobiology; University of Marburg; Goldsmiths, University of London, Magdeburg; Marburg, Germany; London, UK	1				26
Lewis Building, Franklin Blvd 1440,Eugene,District,US,97403	1	Elliot R. Lewis Building, 116, South Indiana Avenue, Bloomington, Monroe County, Indiana, 47405, United States	Bloomington	United States	25	39.1657632	-86.52713560000001
Lewis Center for Neuroimaging, University of Oregon, Franklin Blvd 1440, Eugene, Oregon, 97403, USA	1	Lewis Center for Neuroimaging, Franklin Boulevard, Eugene, Lane County, Oregon, 97403, United States	Eugene	United States	21	44.0462573	-123.0710161
Lewis_Building, Franklin_Blvd_1440_Eugene_District_US_97403	5	Elliot R. Lewis Building, 116, South Indiana Avenue, Bloomington, Monroe County, Indiana, 47405, United States	Bloomington	United States	173	39.1657632	-86.52713560000001
Life u. Brain GmbH, Sigmund-Freund-Strasse 25,Bonn,Koeln,DE,53127	1				170
Lulea University of Technology	1	Luleå tekniska universitet, Laboratorievägen, Porsön, Luleå, Luleå kommun, Norrbottens län, 971 87, Sverige	Luleå	Sverige	4	65.6182538	22.138308511208276
MBBI, West_130th_Street_610_NY_NYC_US_10025	2	610, West 130th Street, Manhattanville, Manhattan, New York County, City of New York, New York, 10027, United States	City of New York	United States	72	40.817029387755106	-73.95783555102041
MGH 7T, 13 St 149,Charlestown,Massachusetts,US,02129	2	مغ احمد بالا, دهستان گچین, بخش مرکزی شهرستان بندرعباس, شهرستان بندرعباس, استان هرمزگان, ایران	دهستان گچین	ایران	35	27.1538163	55.8776211
MGH PrismaFit-Bay4, 13th St. 149,Charlestown,MA,US,02129	2				40
MGH Terra pTx Bay2, 13th St 149,Charlestown,MA,US,02129	1				5
MIRCen_LaboratoryOfNeurodegenerativeDiseases, France, FontenayAuxRoses, 92265	1				34
MIT, Vassar Street 43,Cambridge,Boston,US,02139	1	Massachusetts Institute of Technology, Chalk Street, Riverside, Cambridgeport, Cambridge, Middlesex County, Massachusetts, 02139, United States	Cambridge	United States	10	42.3582529	-71.0966272383055
MIT, Vassar_Street_43_Cambridge_Boston_US_02139	1	Massachusetts Institute of Technology, Chalk Street, Riverside, Cambridgeport, Cambridge, Middlesex County, Massachusetts, 02139, United States	Cambridge	United States	28	42.3582529	-71.0966272383055
MIT, Vassar_Street_43_Cambridge_Middlesex_US_02139	2	46 Brain and Cognitive Sciences, 43, Vassar Street, The Port, Cambridgeport, Cambridge, Middlesex County, Massachusetts, 02139, United States	Cambridge	United States	62	42.362243050000004	-71.091720299238
MPI CBS, Stephanstrasse 1A,Leipzig,District,DE,04103	1				30
MPI CBS, Stephanstrasse 1a,Leipzig,Leipzig,DE,04103	1	Max-Planck-Institut für Kognitions- und Neurowissenschaften, 1a, Stephanstraße, Seeburgviertel, Zentrum-Südost, Mitte, Leipzig, Sachsen, 04103, Deutschland	Leipzig	Deutschland	5	51.334513650000005	12.389438479253617
MPI Leipzig, Stephanstrasse 1A,Leipzig,District,DE,04103	2				70
MPI_CBS, Stephanstrasse_1A_Leipzig_District_DE_04103	1				52
MPI_Leipzig, Stephanstrasse_1A_Leipzig_District_DE_04103	2				96
MRC Cognition & Brain Sciences Unit, 15 Chaucer Road, Cambridge, UK	3	MRC Cognition and Brain Sciences Unit, 15, Chaucer Road, Newnham, Cambridge, Cambridgeshire, Cambridgeshire and Peterborough, England, CB2 7EF, United Kingdom	Cambridge	United Kingdom	53	52.192343	0.11929714047427697
MRC Cognition and Brain Sciences Unit, 15 Chaucer Road, Cambridge CB2 7EF, UK	2	MRC Cognition and Brain Sciences Unit, 15, Chaucer Road, Newnham, Cambridge, Cambridgeshire, Cambridgeshire and Peterborough, England, CB2 7EF, United Kingdom	Cambridge	United Kingdom	27	52.192343	0.11929714047427697
MRRC, Lothrop Street 200,Pittsburgh, Pennsylvania,Pittsburgh - Columbus	1	Municipal Reference and Records Center (MRRC), Hotel Street Mall, Downtown, Hawaii Capital Historic District, Honolulu, Honolulu County, Hawaii, 96813, United States	Honolulu	United States	27	21.3046857	-157.85604329823036
MUSC-CBI, Bee Street 30,Charleston ,South Carolina,US,29425	1	30, Bee Street, Cannonborough/Elliotborough, Charleston, Charleston County, South Carolina, 29403, United States	Charleston	United States	1	32.78691104523731	-79.94863780025189
Macquarie “University, 16 University Ave, Macquarie University, NSW 2109, Australia	1	Australian Hearing Hub, 16, University Avenue, Macquarie Park, Sydney, Council of the City of Ryde, New South Wales, 2109, Australia	Sydney	Australia	40	-33.77649285	151.11179141901363
Malopolskie Centrum Biotechnologii	1	Małopolskie Centrum Biotechnologii, Gronostajowa, Pychowice, Dębniki, Kraków, województwo małopolskie, 30-387, Polska	Kraków	Polska	42	50.02687425	19.900662918523196
Malopolskie_Centrum_Biotechnologii, Gronostajowa_7_Krakow_Malopolska_PL_30-387	1	7, Gronostajowa, Pychowice, Dębniki, Kraków, województwo małopolskie, 30-348, Polska	Kraków	Polska	113	50.0258484	19.9008415
Martinos Center 7T Terra, 13th St 149,Charlestown,MA,US,02129	1				1
Mayo Clinic Rochester, MN	1	Mayo Clinic, 7 Level Skyway, Rochester, Olmsted County, Minnesota, 55903, United States	Rochester	United States	8	44.0225389	-92.46660746091699
Mayo Clinic, 200 First St. SW, Rochester, MN 55905	1	Mayo Clinic, Kenney Avenue, Upper Campus, Eau Claire, Eau Claire County, Wisconsin, 54701, United States	Eau Claire	United States	1	44.7923596	-91.5080934781978
McConnell Brain Imaging Centre, McGill University, 3801 University St., Montreal, QC, Canada	3				10
McGovern Institute for Brain Research (3T1), Vassar Street 43,Cambridge,Boston,US,02139	1				10
McGovern_Institute_for_Brain_Research_(3T1), Vassar_Street_43_Cambridge_Boston_US_02139	2				116
McLean Hospital BIC, Mill Street 115,Belmount,Boston,US,02478	1				10
Methodist Hospital	1	Methodist Hospital, 2301, South Broad Street, South Philadelphia, Philadelphia, Philadelphia County, Pennsylvania, 19145, United States	Philadelphia	United States	6	39.92114	-75.1692702071099
Michigan State University	1	Michigan State University, 426, Auditorium Road, East Lansing, Ingham County, Michigan, 48824, United States	East Lansing	United States	10	42.70237935	-84.48038686520441
Michigan_State_University	1	Michigan State University, 426, Auditorium Road, East Lansing, Ingham County, Michigan, 48824, United States	East Lansing	United States	28	42.70237935	-84.48038686520441
Mind Brain Behaviour Institute, West 130th Street 610,NY,NYC,US,10025	1	610, West 130th Street, Manhattanville, Manhattan, New York County, City of New York, New York, 10027, United States	City of New York	United States	34	40.817029387755106	-73.95783555102041
Monash Biomedical Imaging, Blackburn_Road_770_Clayton_Victoria_AU_3168	1	770, Blackburn Road, Clayton, Melbourne, City of Monash, Victoria, 3168, Australia	Melbourne	Australia	10	-37.9124624	145.1414962
Monash University, Blackburn_Road_770_Clayton_Victoria_AU_3168	1	770, Blackburn Road, Clayton, Melbourne, City of Monash, Victoria, 3168, Australia	Melbourne	Australia	27	-37.9124624	145.1414962
Monash_Biomedical_Imaging, Blackburn_Road_770_Clayton_Victoria_AU_3168	3	770, Blackburn Road, Clayton, Melbourne, City of Monash, Victoria, 3168, Australia	Melbourne	Australia	52	-37.9124624	145.1414962
NBML, Street_StreetNo_City_District_IR_ZIP	1				21
NCKU	3	NCKU ICID 成大創產所, 1, 大學路, 大學里, 東區, 臺南市, 701, 臺灣	臺南市	臺灣	116	23.0004401	120.2146133
NEURO_CAMPUS BAUDOT	1				3
NIC Inst. Test name, 3025East Carson Street, Pittsburgh, PA, Pittsburgh / Columbus, 15	1				20
NIH	2	Nurnis, Leh Tehsil, Leh District, Ladakh, India		India	52	33.430325	78.2030008
NIH 7T Research, Center Drive 10,Bethesda, Maryland, US,20892	3	NIH Clinical Center, 10, Center Drive, Maplewood, Pooks Hill, Bethesda, Montgomery County, Maryland, 20892, United States	Bethesda	United States	58	39.0016448	-77.10454223658931
NIH 7T Research, Center Drive 10,Bethesda,Maryland,US,20892	3	NIH Clinical Center, 10, Center Drive, Maplewood, Pooks Hill, Bethesda, Montgomery County, Maryland, 20892, United States	Bethesda	United States	58	39.0016448	-77.10454223658931
NIH CC DRD MR2	1				10
NIH Clinical Center	3	NIH Clinical Center, 10, Center Drive, Maplewood, Pooks Hill, Bethesda, Montgomery County, Maryland, 20892, United States	Bethesda	United States	90	39.0016448	-77.10454223658931
NIH Clinical Center, 10 Center Drive, Bethesda, MD 20892	2	NIH Clinical Center, 10, Center Drive, Maplewood, Pooks Hill, Bethesda, Montgomery County, Maryland, 20892, United States	Bethesda	United States	38	39.0016448	-77.10454223658931
NIH FMRIF	4				225
NIH VERIO 3T	1				18
NIH, 10 Center Drive, Bethesda, MD 20892	1	NIH Clinical Center, 10, Center Drive, Maplewood, Pooks Hill, Bethesda, Montgomery County, Maryland, 20892, United States	Bethesda	United States	10	39.0016448	-77.10454223658931
NIH, Bethesa	1	Templo Cristiano Bethesa, Avenida Niños Héroes, La Palmas, Durango, Municipio de Durango, Durango, 34050, México	Durango	México	5	24.0437007	-104.697755
NIH, CENTER DR 10,Bethesda,Maryland,US,20892	1	NIH Clinical Center, 10, Center Drive, Maplewood, Pooks Hill, Bethesda, Montgomery County, Maryland, 20892, United States	Bethesda	United States	2	39.0016448	-77.10454223658931
NIH_FMRIF	10				837
NIMH	1	Nederlands Instituut voor Militaire Historie, Hubertustunnel, Duttendel, Scheveningen, Den Haag, Zuid-Holland, Nederland, 2597 PC, Nederland	Den Haag	Nederland	3	52.1046996	4.313837
NIMH, Center Drive 10,Bethesda,MD,US,20892	1	NIH Clinical Center, 10, Center Drive, Maplewood, Pooks Hill, Bethesda, Montgomery County, Maryland, 20892, United States	Bethesda	United States	43	39.0016448	-77.10454223658931
NIMH, Center_Drive_10_Bethesda.3A6882.10JUN13_Maryland_US_20892	1	Nederlands Instituut voor Militaire Historie, Hubertustunnel, Duttendel, Scheveningen, Den Haag, Zuid-Holland, Nederland, 2597 PC, Nederland	Den Haag	Nederland	3	52.1046996	4.313837
NIMH, Center_Drive_10_Bethesda_MD_US_20892	1	NIH Clinical Center, 10, Center Drive, Maplewood, Pooks Hill, Bethesda, Montgomery County, Maryland, 20892, United States	Bethesda	United States	3	39.0016448	-77.10454223658931
NMKHTS im. Pirogova, Nizhnyaya Pervomayskaya str.,70 ST,Moscow,Mpscow,RU,105203	1				29
NU Tarpon, ST. CLAIR 715,CHICAGO,CHICAGO,US,60611	1	715, North Saint Clair Street, Magnificent Mile, Near North Side, Chicago, Cook County, Illinois, 60611, United States	Chicago	United States	15	41.895279	-87.622657
NU_Tarpon, ST._CLAIR_715_CHICAGO_CHICAGO_US_60611	1	715, North Saint Clair Street, Magnificent Mile, Near North Side, Chicago, Cook County, Illinois, 60611, United States	Chicago	United States	8	41.895279	-87.622657
NU_Tuna, Fairbanks_710_Chicago_Chicago_US_60611	1	710, North Fairbanks Court, Streeterville, Near North Side, Chicago, Cook County, Illinois, 60611, United States	Chicago	United States	25	41.89519169255743	-87.62043667594851
NYU AD, Street StreetNo,Abu Dhabi,Saadyiat Island,AE,ZIP	1	AD, 1990, Laurel Road, Brownsville, Lindenwold, Camden County, New Jersey, 08021, United States	Lindenwold	United States	9	39.8077531	-75.02323931081303
NYU_-_CBI, Washington_Place_6_NYC_NYC_US_10003	4	6, Washington Place, University Village, Manhattan Community Board 2, Manhattan, New York County, City of New York, New York, 10003, United States	City of New York	United States	111	40.729412875	-73.99476233333334
NYU_Center_for_Brain_Imaging, Washington_Place_6_NYC_NYC_US_10003	2	6, Washington Place, University Village, Manhattan Community Board 2, Manhattan, New York County, City of New York, New York, 10003, United States	City of New York	United States	134	40.729412875	-73.99476233333334
N_and_N_University_Hospital	1	Πανεπιστημιακό Νοσοκομείο, Πανεπιστημίου, Κάτω Νεοχωρόπουλο, Νεοχωρόπουλο, Δήμος Ιωαννιτών, Περιφερειακή Ενότητα Ιωαννίνων, Περιφέρεια Ηπείρου, Αποκεντρωμένη Διοίκηση Ηπείρου - Δυτικής Μακεδονίας, 455 00, Ελλάς		Ελλάς	19	39.620555	20.8419004
Nanyang Technological University, Nanyang Drive 59,Singapore,SG,SG,636921	1	June's Breathe Cafe, 59, Nanyang Drive, Western Water Catchment, Southwest, Singapore, 636921, Singapore	Singapore	Singapore	68	1.344709	103.6783322
National Brain mapping Lab, Tehran, Iran	1	شهر تهران, بخش مرکزی شهرستان تهران, شهرستان تهران, استان تهران, ایران	شهر تهران	ایران	21	35.6892523	51.3896004
National Institutes of Health	1	National Institutes of Health, 9000, Rockville Pike, Glenbrook, Bethesda, Montgomery County, Maryland, 20892, United States	Bethesda	United States	20	39.00001425	-77.10400394523563
National Institutes of Health, Bethesda, Maryland, USA	1	National Institutes of Health, 9000, Rockville Pike, Glenbrook, Bethesda, Montgomery County, Maryland, 20892, United States	Bethesda	United States	5	39.00001425	-77.10400394523563
National Istitutes of Health, 9000 Rockville Pike, Bethesda, MD, USA	1	National Institutes of Health, 9000, Rockville Pike, Glenbrook, Bethesda, Montgomery County, Maryland, 20892, United States	Bethesda	United States	51	39.00001425	-77.10400394523563
NeuroSpin, RD306 -,SACLAY,-,FR,91400	1	Raoul Dautry - CEA Porte Est, D 306, Saclay, Palaiseau, Essonne, Île-de-France, France métropolitaine, 91400, France		France	4	48.7237852	2.1561967
NeuroSpin, RD306_-_SACLAY_-_FR_91400	1	Raoul Dautry - CEA Porte Est, D 306, Saclay, Palaiseau, Essonne, Île-de-France, France métropolitaine, 91400, France		France	10	48.7237852	2.1561967
NeuroSpin, RD306_StreetNo_SACLAY_IDF_FR_91190	1	Bâtiment 145, D 306, Saint-Aubin, Palaiseau, Essonne, Île-de-France, France métropolitaine, 91190, France		France	10	48.71978215	2.1509570409868184
NeuroSpin, Street N306,SACLAY,IdF,FR,91400	1	Bâtiment 145, D 306, Saint-Aubin, Palaiseau, Essonne, Île-de-France, France métropolitaine, 91190, France		France	23	48.71978215	2.1509570409868184
NeuroSpin, Street_N306_SACLAY_IdF_FR_91400	1	Bâtiment 145, D 306, Saint-Aubin, Palaiseau, Essonne, Île-de-France, France métropolitaine, 91190, France		France	24	48.71978215	2.1509570409868184
Neurochirurgie, UniversitätsSpital Zürich, Rämistrasse 100, 8091 Zurich	1	Universitätsspital Zürich, 100, Rämistrasse, Hochschulen, Altstadt, Zürich, Bezirk Zürich, Zürich, 8091, Schweiz/Suisse/Svizzera/Svizra	Zürich	Schweiz/Suisse/Svizzera/Svizra	22	47.377745149999996	8.551416736238977
North 13th 1701,Philadelphia,PA,US,19122	1	Philadelphia, Philadelphia County, Pennsylvania, United States	Philadelphia	United States	114	39.9527237	-75.1635262
Northwestern_University, Fairbanks_710_Chicago_Chicago_US_60611	4	710, North Fairbanks Court, Streeterville, Near North Side, Chicago, Cook County, Illinois, 60611, United States	Chicago	United States	293	41.89519169255743	-87.62043667594851
Nortwestern_University, Fairbanks_710_Chicago_Chicago_US_60611	2	710, North Fairbanks Court, Streeterville, Near North Side, Chicago, Cook County, Illinois, 60611, United States	Chicago	United States	103	41.89519169255743	-87.62043667594851
Nottingham Medical School	1	Medical School, West Road, Old Lenton, Dunkirk, City of Nottingham, England, NG7 2UH, United Kingdom	City of Nottingham	United Kingdom	10	52.9424889	-1.1857996675719453
Nottingham University, University Park	1	University of Nottingham, University Boulevard, Dunkirk, City of Nottingham, England, NG7 2RD, United Kingdom	City of Nottingham	United Kingdom	10	52.9387428	-1.2002956927457427
Novosib Neurosurgery Center, Nemirovicha-Danchenko 132	1				42
O.H.S.U.	1	افغانستان		افغانستان	8	33.7680065	66.2385139
OHSU	1	Hillsboro Medical Center, 335, Southeast 8th Avenue, Calle Diez, Downtown Hillsboro, Hillsboro, Washington County, Oregon, 97123, United States	Hillsboro	United States	8	45.519387800000004	-122.97819921386872
PENNINGTON_BIOMEDICAL_RESEARCH	1				32
PFL, Philosophenweg_3_Jena_Thueringen_DE_07743	1	Werner-Kaiser-MRT-Forschungszentrum, 3, Philosophenweg, Zentrum, Jena-Zentrum, Jena, Thüringen, 07743, Deutschland	Jena	Deutschland	32	50.932614099999995	11.58110745864127
PLA No.988 Central Hospital, Kexue street No.62,Zhengzhou,Zhongyuan district,CN,ZIP	1				5
PROMAB Lab. IMAL - CONICET. Santa Fe. Argentina.	2				20
PSU-SLEIC, University_Park_Chandlee_Laboratory_State_College_PA_US_16802	1				33
Palmetto_Health_Richland, Medical_Center_Dr_5_Columbia_SC_US_29203	4	Prisma Health Richland Hospital, 5, Richland Medical Park Drive, Colonial Heights, Columbia, Richland County, South Carolina, 29203, United States	Columbia	United States	4	34.027949	-81.0325565913862
Paul Sabatier Universite, Pavillon Baudot CHU Purpan, BP 25202, 31052 Toulouse Cedex	3	Université Paul Sabatier - Toulouse III, Pont du Doyen Guy Lazorthes, Rangueil, Sauzelong, Pech David, Pouvourville, Toulouse Sud-Est, Toulouse, Haute-Garonne, Occitanie, France métropolitaine, 31400, France	Toulouse	France	125	43.5642189	1.4665724064187464
Paul Sabatier University, Centre de Recherche Cerveau et Cognition, Place du Docteur Baylac, Pavillon Baudot, 31059 Toulouse, France	1	Université Paul Sabatier, Allée Matilda, Saint-Michel, Le Busca, Empalot, Saint-Agne, Toulouse Sud-Est, Toulouse, Haute-Garonne, Occitanie, France métropolitaine, 31400, France	Toulouse	France	24	43.594348	1.4503755883914984
Peking_Univeristy, Yiheyuan_Road_5_Beijing3cd14b_Haidian_CN_100871	4				195
Peking_Univeristy, Yiheyuan_Road_5_Beijing_Haidian_CN_100871	1				19
Penn State SLEIC, University Park Chandlee Laboratory,State College,PA,US,16802	1				84
Penn_State_SLEIC, University_Park_Chandlee_Laboratory_State_College_Great_Lakes_U	1				1
Physikalisch Technische Bundesanstalt, Charite Universitaetsmedizin Berlin, Abbestrasse 12 Berlin	1	Physikalisch-Technische Bundesanstalt, 100, Bundesallee, Physikalisch-Technische Bundesanstalt (PTB), Kanzlerfeld, Lehndorf-Watenbüttel, Braunschweig, Niedersachsen, 38116, Deutschland	Braunschweig	Deutschland	4	52.29641355	10.465579540656728
Princeton University, Stadium 1952,Princeton,NJ,US,08544	1	Class of 1952 Stadium, Woodland Way, Princeton, Mercer County, New Jersey, 08544, United States		United States	25	40.341193000000004	-74.6518658781269
Princeton University, Washington Rd, Princeton, NJ 08540, USA	1	Washington Road, Princeton Center, Princeton, Mercer County, New Jersey, 08544, United States		United States	315	40.3503047	-74.6569959
Princeton_University	2	Princeton University, Fieldston Road, Penns Neck, Princeton, Mercer County, New Jersey, 08540, United States		United States	47	40.33867515	-74.65836549131683
Princeton_University, Stadium_1952_Princeton_NJ_US_08544	7	Class of 1952 Stadium, Woodland Way, Princeton, Mercer County, New Jersey, 08544, United States		United States	183	40.341193000000004	-74.6518658781269
Princeton_University, washington_avegreenhall_BDD552_new_jersey_08544_US	2	Princeton University, Fieldston Road, Penns Neck, Princeton, Mercer County, New Jersey, 08540, United States		United States	29	40.33867515	-74.65836549131683
Princeton_University_-_Neuroscience_Institute	2				58
Princeton_University_-_Neuroscience_Institute, Washington_and_Faculty_Rd._-_Building_25_25_Princeton_NJ_US_085	8				223
QEUH, Govan_Road_1345_GLASGOW_Glasgow_GB_G51_4TF	1	Institute of Neurological Sciences, 1345, Govan Road, Linthouse, Whiteinch, Glasgow, Glasgow City, Alba / Scotland, G51 4TF, United Kingdom	Glasgow	United Kingdom	3	55.8607447	-4.3400333
Queen's University, Botterell Hall 234, Kingston, Ontario, CA, K7L3N6	1	Queen's University, Albert Street, Kingston, Eastern Ontario, Ontario, K7L 3X4, Canada	Kingston	Canada	66	44.22634885	-76.49575545601735
Queens_University, Botterall_Hall_234_Kingston_Ontario_CA_K7L3N6	1	Queens University, 1900, Selwyn Avenue, Briarcliff, Myers Park, Charlotte, Mecklenburg County, North Carolina, 28274, United States	Charlotte	United States	32	35.1887848	-80.8333425147985
Queensland Brain Institute, The University of Queensland	1	The University of Queensland, Hawken Drive, St Lucia, Greater Brisbane, Queensland, 4072, Australia		Australia	36	-27.49741805	153.01316955983583
R, Medical Center Dr 5,Columbia,SC,US,29203	1	Rio de Janeiro, Região Geográfica Imediata do Rio de Janeiro, Região Metropolitana do Rio de Janeiro, Região Geográfica Intermediária do Rio de Janeiro, Rio de Janeiro, Região Sudeste, Brasil		Brasil	21	-22.9110137	-43.2093727
RCNS, Magyar Tudosok Korutja 2,Budapest,,HU,1117	2	BME QPOLA menza, 2, Magyar tudósok körútja, Lágymányos, XI. kerület, Budapest, Közép-Magyarország, 1117, Magyarország	Budapest	Magyarország	296	47.4731584	19.0598495
RIH	1	Aeropuerto Internacional Cap. Scarlet Martínez, Carretera Panamericana, Distrito Antón, Coclé, Panamá		Panamá	1	8.38041645	-80.12941663177108
RUBIC, Univeristy Ave. 197,Newark,North East,US,07102-1814	2	Rubice, Równa, gmina Błaszki, powiat sieradzki, województwo łódzkie, 98-235, Polska		Polska	114	51.6330556	18.4894444
Radboud University Nijmegen Medical Centre, Street StreetNo,City,District,NL,ZIP	2				19
Radiologie CHUV, Rue du Bugnon 21,Lausanne,District,CH,1011	1	Fondation Claude Verdan - Musée de la Main, 21, Rue du Bugnon, Lausanne, District de Lausanne, Vaud, 1011, Schweiz/Suisse/Svizzera/Svizra	Lausanne	Schweiz/Suisse/Svizzera/Svizra	73	46.524954750000006	6.640620278244347
Radiologie_CHUV, Address	2	address, 1824, Flatbush Avenue, Flatlands, Brooklyn, Kings County, City of New York, New York, 11210, United States	City of New York	United States	568	40.6254079	-73.9400639
Research, Chicago,IL,US,60611	1	Chicago, Cook County, Illinois, United States	Chicago	United States	13	41.8755616	-87.6244212
Rigshospitalet, Blegdamsvej  9,Kobenhavn,District,DK,DK-2100	1	Rigshospitalet, Tagensvej, De Gamles By, Nørrebro, København, Københavns Kommune, Indre By, Region Hovedstaden, 1357, Danmark	København	Danmark	1	55.69658685	12.566645251517794
Rigshospitalet, Blegdamsvej_9_Copenhagen_District_DK_2100	1	Rigshospitalet, Tagensvej, De Gamles By, Nørrebro, København, Københavns Kommune, Indre By, Region Hovedstaden, 1357, Danmark	København	Danmark	22	55.69658685	12.566645251517794
Robarts, Perth Drive 100,London//5747AB//,Ontario,CA,N6A 5K8	1	Robarts Library, 130, St George Street, Bloor Street Culture Corridor, University—Rosedale, Old Toronto, Toronto, Golden Horseshoe, Ontario, M5S 1A5, Canada	Old Toronto	Canada	60	43.6644349	-79.39947006651619
Robarts-CFMM, Perth Drive 100,London,Ontario,CA,N6A 5K8	1				19
Robarts-CFMM, Perth Drive 100,London//709CAB//,Ontario,CA,N6A 5K8	1				16
Robarts-CFMM, Perth_Drive_100_London_Ontario_CA_N6A_5K8	1				17
Robarts_Research_Institute, Perth_Drive_100_London_A0D362_Ontario_CA_N6A_5KB	1				9
Robarts_Research_Institute, Perth_Drive_100_London_E0D672_Ontario_CA_N6A_5KB	1				9
Robarts_Research_Institute, Perth_Drive_100_London_Ontario_CA_N6A_5K8	6				245
Robarts_Reserch_Institute, Richmond_Street_North_1151_London_409EF2_Ontario_CA_N6A_5B7	2				48
Robarts_Reserch_Institute, Richmond_Street_North_1151_London_4753F2_Ontario_CA_N6A_5B7	1				4
Royal Holloway University, Street StreetNo,Egham,SE,GB,TW20 0EX	1	Royal Holloway, Rusham Road, Ripley Springs, Egham, Runnymede, Surrey, England, TW20 9LR, United Kingdom	Runnymede	United Kingdom	71	51.424449550000006	-0.5642561069587715
Ruhr-University	1	Ruhr-Universität Bochum, 150, Universitätsstraße, Querenburg, Bochum-Süd, Bochum, Nordrhein-Westfalen, 44801, Deutschland	Bochum	Deutschland	15	51.444157649999994	7.260965412383296
SBIC Singapore, Value was not specified	2				64
SC3T, Curie_Blvd._422_Philadelphia_PA_US_19104	4	Stellar Chance Labs, 422, Curie Boulevard, University City, Philadelphia, Philadelphia County, Pennsylvania, 19104, United States	Philadelphia	United States	155	39.94872825	-75.1968778070696
SIBR, Frew_4805_Pittsburgh_District_US_15213	2	Ribeirão Shopping, Avenida Bráz Olaia Acosta, Jardim Califórnia, Ribeirão Preto, Região Imediata de Ribeirão Preto, Região Metropolitana de Ribeirão Preto, Região Geográfica Intermediária de Ribeirão Preto, São Paulo, Região Sudeste, 14026-040, Brasil	Ribeirão Preto	Brasil	25	-21.21180275	-47.81798675
SIBR, Frew_4805_Pittsburgh_PA_District_US_15213	3	Ribeirão Shopping, Avenida Bráz Olaia Acosta, Jardim Califórnia, Ribeirão Preto, Região Imediata de Ribeirão Preto, Região Metropolitana de Ribeirão Preto, Região Geográfica Intermediária de Ribeirão Preto, São Paulo, Região Sudeste, 14026-040, Brasil	Ribeirão Preto	Brasil	42	-21.21180275	-47.81798675
SKKU, Street StreetNo,City/40058d/,District,KR,ZIP	1	성균관대학교 인문사회과학캠퍼스, 25-2, 성균관로, 명륜1가, 혜화동, 종로구, 서울특별시, 03063, 대한민국	서울특별시	대한민국	27	37.5870459	126.99062637670926
SNUBIC	1				44
SNUBIC, kwanakro_599_C4F276_Seoul_KR_ZIP	1				44
SPMMRC Nottingham	1				10
SUBIC	1	Subic, Zambales, Central Luzon, 2209, Pilipinas		Pilipinas	4	14.8774796	120.2344695
SUBIC, Svante Arrhenius vaeg 16,Stockholm,District,SE,11418	2	Subic, Zambales, Central Luzon, 2209, Pilipinas		Pilipinas	55	14.8774796	120.2344695
Scannexus	1				10
Scannexus, Oxfordlaan 55,Maastricht,Limburg,NL,6229 EV	1	55, Oxfordlaan, Randwyck, Maastricht-Zuidoost, Maastricht, Limburg, Nederland, 6229 EV, Nederland	Maastricht	Nederland	8	50.8317757	5.7153191
Scannexus, Oxfordlaan_55_Maastricht_12C0A2_Limburg_NL_6229_EV	1				10
Scannexus, Oxfordlaan_55_Maastricht_753AAF_Limburg_NL_6229_EV	1				10
Scannexus, Oxfordlaan_55_Maastricht_Limburg_NL_6229_EV	3	55, Oxfordlaan, Randwyck, Maastricht-Zuidoost, Maastricht, Limburg, Nederland, 6229 EV, Nederland	Maastricht	Nederland	23	50.8317757	5.7153191
Scene Grammar Lab, Goethe University Frankfurt	1	Johann-Wolfgang-Goethe Universität - Campus Riedberg, Marie-Curie-Straße, Mertonviertel, Niederursel, Nord-West, Frankfurt am Main, Hessen, 60439, Deutschland	Frankfurt am Main	Deutschland	30	50.1723275	8.630728766661132
Schleusenweg_2-16_Frankfurt_District_DE_60528	1				29
School of Psychology and Counselling, Queensland University of Technology, 149 Victoria Park Rd, Kelvin Grove QLD 4059, Australia	1				37
Schweizerische Epilepsie-Klinik, Bleulerstrasse 60, 8008 Zurich	1	60, Bleulerstrasse, Weinegg, Kreis 8, Zürich, Bezirk Zürich, Zürich, 8008, Schweiz/Suisse/Svizzera/Svizra	Zürich	Schweiz/Suisse/Svizzera/Svizra	15	47.3471637	8.5714128
Scientific Imaging & Brain Research Center at Carnegie Mellon University	1				15
Sharif University of Technology (SUT), Tehran, Iran	1	شهر تهران, بخش مرکزی شهرستان تهران, شهرستان تهران, استان تهران, ایران	شهر تهران	ایران	1	35.6892523	51.3896004
South China Normal University, Street StreetNo,Guangzhou,District,CN,ZIP	1	华师, 五山路, 石牌街道, 天河区, 广州市, 广东省, 510635, 中国	天河区	中国	27	23.1430206	113.33995829561603
South_China_Normal_University, Street_StreetNo_Guangzhou(244e72)_District_CN_ZIP	1	华师, 五山路, 石牌街道, 天河区, 广州市, 广东省, 510635, 中国	天河区	中国	17	23.1430206	113.33995829561603
Southwest University, No.2 Tiansheng Road, BeibeiDistrict, Chongqing City, 400715, China	2	西南大学, 2, 天生路, 天生街道, 北碚区, 重庆市, 400715, 中国	北碚区	中国	131	29.823237149999997	106.41958835875167
Spinoza Centre for Neuroimaging, location REC	5	Spinoza Centre for Neuroimaging, Meibergdreef, Zuidoost, Amsterdam, Noord-Holland, Nederland, 1105 BA, Nederland	Amsterdam	Nederland	154	52.29210325	4.956943561443431
Spinoza_Centre, Amsterdam	2	Spinoza Centre for Neuroimaging, Meibergdreef, Zuidoost, Amsterdam, Noord-Holland, Nederland, 1105 BA, Nederland	Amsterdam	Nederland	5	52.29210325	4.956943561443431
Spruce_MRI_Assoc_MR2	1				1
St_Lucia_Campus, Cooper_60_St._Lucia_QLD_AU_4072	3	Startup Campus Santa Lucía, Santiago, Provincia de Santiago, Región Metropolitana de Santiago, Chile	Santiago	Chile	503	-33.4444346	-70.64501888154948
Stanford CNI	1				32
Stanford University, 450 Jane Stanford WAy, Stanford, CA 94305-2004, USA	1	Stanford University, 408, Panama Mall, Stanford, Santa Clara County, California, 94305, United States		United States	15	37.431313849999995	-122.16936535498309
Stephanstrasse 1A,Leipzig,District,DE,04103	1	כיכר לייפציג, ויצמן, הרצליה, נפת תל אביב, מחוז תל אביב, 4648567, ישראל		ישראל	30	32.1682347	34.834563958087415
Stephanstrasse 1a,Leipzig,Leipzig,DE,04103	1	Max-Planck-Institut für Kognitions- und Neurowissenschaften, 1a, Stephanstraße, Seeburgviertel, Zentrum-Südost, Mitte, Leipzig, Sachsen, 04103, Deutschland	Leipzig	Deutschland	5	51.334513650000005	12.389438479253617
Street_StreetNo_City_District_IR_ZIP	1				21
Street_StreetNo_Falmer_Brighton_District_GB_BN1_9RR	1				127
TEL_AVIV_MEDICAL_CENTER	1	"מרכז רפואי ת""א-בלפור, 10, בלפור, תל אביב - יפו, לב תל-אביב, תל אביב-יפו, נפת תל אביב, מחוז תל אביב, 6521124, ישראל"	תל אביב-יפו	ישראל	8	32.0679	34.772682
TNO laboratory (Netherlands)	1				21
TU_Graz, AT	1	Technische Universität Graz, Plüddemanngasse, Sankt Leonhard, Graz, Steiermark, 8010, Österreich	Graz	Österreich	51	47.058199900000005	15.460187434162261
Technische Universitaet zu Berlin, Strasse des 17. Juni 135, 10623, Berlin, Germany	2	Die Bibliothek Wirtschaft und Management, 135, Straße des 17. Juni, Charlottenburg, Charlottenburg-Wilmersdorf, Berlin, 10623, Deutschland	Berlin	Deutschland	39	52.5121417	13.3262714
Technische Universitaet zu Berlin, Strasse des 17. Juni, Berlin, Germany	1	Straße des 17. Juni, Tiergarten, Mitte, Berlin, 10787, Deutschland	Berlin	Deutschland	19	52.5137297	13.3378383
Tecnologico de Monterrey, Ave. Eugenio Garza Sada 2501, Monterrey, N.L., Mexico, 64849	1	Tecnologico de Monterrey, Puerto Vallarta, Región Costa Norte, Jalisco, 48300, México	Puerto Vallarta	México	19	20.6767519	-105.225794
Tel-Aviv_University, Street_StreetNo_._District_IL_ZIP	2	אוניברסיטת תל אביב, איילון צפון, מרכז הירידים, תל אביב - יפו, אוניברסיטת תל אביב, תל אביב-יפו, נפת תל אביב, מחוז תל אביב, 4704356, ישראל	תל אביב-יפו	ישראל	179	32.112382249999996	34.80501795095419
Temple University - Weiss Hall, North 13th 1701,Philadelphia,PA,US,19122	3				183
Temple_University_-_Weiss_Hall, North_13th_1701_Philadelphia_PA_US_19122	1				97
Texas Tech University, Canton 1102, Lubbock, Texas, 79409	1	Canton Avenue, Lubbock, Lubbock County, Texas, 79409, United States	Lubbock	United States	23	33.5878404	-101.8765889
The City College of New York, CUNY, Center for Discovery and Innovation, 85 St Nicholas Terrace, New York, NY 10031	1	The City College of New York, 160, Convent Avenue, Manhattan Community Board 9, Manhattan, New York County, City of New York, New York, 10031, United States	City of New York	United States	25	40.81819805	-73.95100897933364
The Hong Kong Polytechnic University, Street StreetNo,CP7ZM-RJHXA,Hung Hom,HK,ZIP	1	香港理工大學 The Hong Kong Polytechnic University, 11, 育才道 Yuk Choi Road, 尖沙咀東 East Tsim Sha Tsui, 尖沙咀 Tsim Sha Tsui, 油尖旺區 Yau Tsim Mong District, 九龍 Kowloon, 香港 Hong Kong, 000000, 中国	九龍 Kowloon	中国	52	22.304486699999998	114.17969345847592
The John Radcliffe, Headley Way StreetNo,Oxford,District,GB,OX3 9DU	1	John Radcliffe Hospital, Headley Way, Headington Hill, Headington, Oxford, Oxfordshire, England, OX3 9DU, United Kingdom	Oxford	United Kingdom	10	51.764117850000005	-1.2180635792629348
The Univ. of Texas at Austin IRC, E 24th St. 100,Austin,Southmiddle,US,78712	1				1
The_1st_Hospital_of_CQMU	2				83
The_Univ._of_Texas_at_Austin_IRC, E_24th_St._100_Austin_Southmiddle_US_78712	2				359
Tierspital_Zuerich	1	Tierspital, A1L, Oerlikon, Kreis 11, Zürich, Bezirk Zürich, Zürich, 8057, Schweiz/Suisse/Svizzera/Svizra	Zürich	Schweiz/Suisse/Svizzera/Svizra	37	47.4018505	8.5522073
Tokyo University IRCN, Hongo 7-3-1,Bunkyo-ku,Tokyo,JP,113-0033	1	本郷四丁目, 文京区, 東京都, 113-0033, 日本	文京区	日本	6	35.7094625	139.7555137
U of M FMRI	1				81
U of M FMRi	1				81
UC Berkeley, Oxford Street 1951,Berkeley,SFO,US,94720	2	University of California, Berkeley, Delaware Street, Central Berkeley, Berkeley, Alameda County, California, 94704, United States	Berkeley	United States	3	37.875499649999995	-122.23906851395179
UC San Diego Health	1	UC San Diego Health, La Jolla Campus, Medical Center Drive, University City, San Diego, San Diego County, California, 92092, United States	San Diego	United States	10	32.8780878	-117.2252034043437
UCI_Research_Center	1				24
UCSB Brain Imaging Center, UCEN Rd 551   Bldg 251,Isla Vista,Los Angeles,US,93117	1				30
UCSB_Brain_Imaging_Center	2				2
UCSB_Brain_Imaging_Center, UCEN_Rd_551_Bldg_251_Isla_Vista_Los_Angeles_US_93117	1				1
UCSB_Brain_Imaging_Center, deleted_by_bidsonym	1				1
UCSB_Psychology_and_Brain_Imaging	1				1
UCSB_Psychology_and_Brain_Imaging, UCEN_Rd_551_Bldg_251_Isla_Vista_Los_Angeles_US_93117	1				1
UCSD	2	University of California, San Diego, 9500, Gilman Drive, San Diego, San Diego County, California, 92093, United States	San Diego	United States	80	32.87924375	-117.23112468377349
UC_Berkeley, Street_StreetNo_Berkeley_District_US_ZIP	1	University of California, Berkeley, Delaware Street, Central Berkeley, Berkeley, Alameda County, California, 94704, United States	Berkeley	United States	3	37.875499649999995	-122.23906851395179
UC_Davis, Da_Vinci_Court_1629_Davis_San_Francisco_Service_US_95618	1	University of California, Davis, 1, Old Davis Road, Davis, Yolo County, California, 95616, United States	Davis	United States	30	38.533790350000004	-121.79075439946112
UESTC	2	电子科技大学西区科技园, 高新区, 郫都区, 成都市, 高新区（西区）, 四川省, 中国	郫都区	中国	2	30.7367729	103.97192673898282
UGent, De Pintelaan 185,Gent,District,BE,9000	1	Plantentuin UGent, Merelstraat, Strop, Gent, Oost-Vlaanderen, Vlaanderen, 9000, België / Belgique / Belgien	Gent	België / Belgique / Belgien	30	51.03535875	3.722534188445377
UGent, De_Pintelaan_185_Gent_District_BE_9000	2	Plantentuin UGent, Merelstraat, Strop, Gent, Oost-Vlaanderen, Vlaanderen, 9000, België / Belgique / Belgien	Gent	België / Belgique / Belgien	135	51.03535875	3.722534188445377
UI_Hospitals_and_Clinics, Hawkins_200_Iowa_City_IA_US_52242	1	University of Iowa Hospitals & Clinics, 200, Hawkins Drive, Iowa City, Johnson County, Iowa, 52245, United States	Iowa City	United States	26	41.6594014	-91.54839872752294
ULB_ERASME	1				50
UMCBIR, Wade_Avenue_55_250F90_Maryland_US_21228	1				4
UMCBIR, Wade_Avenue_55_48CA09_Maryland_US_21228	1				4
UNC CAMRI	2				148
UOFMResearch	1				60
USC, McClintock 3520A,Los Angeles //SVC0e0594213b1104//,CA,US,90089	1	Usc, Sobrio, Faido, Circolo di Faido, Distretto di Leventina, Ticino, 6749, Schweiz/Suisse/Svizzera/Svizra		Schweiz/Suisse/Svizzera/Svizra	91	46.4063747	8.9041135
USC, McClintock_3520A_Los_Angeles_CA_US_90089	1	McClintock Avenue, Saint James Park, Exposition Park, Los Angeles, California, 90089, United States	Los Angeles	United States	13	34.0272561	-118.2855072
USC, McClintock_3520A_Los_Angeles_SVC0e0594213b1104_CA_US_90089	5	Usc, Sobrio, Faido, Circolo di Faido, Distretto di Leventina, Ticino, 6749, Schweiz/Suisse/Svizzera/Svizra		Schweiz/Suisse/Svizzera/Svizra	313	46.4063747	8.9041135
USC, Medical_Center_Dr_5_Columbia_SC_US_29203	1	Usc, Sobrio, Faido, Circolo di Faido, Distretto di Leventina, Ticino, 6749, Schweiz/Suisse/Svizzera/Svizra		Schweiz/Suisse/Svizzera/Svizra	1	46.4063747	8.9041135
UW Center for Human Neuroscience, West Stevens Way NE 3751,Seattle, WA,District,US,98195	1	Kincaid Hall, 3751, West Stevens Way Northeast, South Campus, University District, Seattle, King County, Washington, 98126, United States	Seattle	United States	12	47.65265385	-122.3106158603518
UZ, De Pintelaan 185,Gent /88C96F/,District,BE,9000	1	Oʻzbekiston		Oʻzbekiston	20	41.32373	63.9528098
UZ, De_Pintelaan_185_Gent_88C96F_District_BE_9000	2	Oʻzbekiston		Oʻzbekiston	65	41.32373	63.9528098
UZ_Gent, De_Pintelaan_185_Gent_9C4B6E_District_BE_9000	1	Universitair Ziekenhuis Gent, 10, Corneel Heymanslaan, Ottergemse Dries, Gent, Oost-Vlaanderen, Vlaanderen, 9000, België / Belgique / Belgien	Gent	België / Belgique / Belgien	43	51.02353555	3.7266310296153846
UZ_Gent, De_Pintelaan_185_Gent_District_BE_9000	2	Universitair Ziekenhuis Gent, 10, Corneel Heymanslaan, Ottergemse Dries, Gent, Oost-Vlaanderen, Vlaanderen, 9000, België / Belgique / Belgien	Gent	België / Belgique / Belgien	151	51.02353555	3.7266310296153846
Univ of Texas at Austin, E 24th St. 100,Austin,Southmiddle,US,78712	1	University of Texas at Austin, 1, Allandale, Austin, Travis County, Texas, 78712, United States	Austin	United States	1	30.2851494	-97.73393515146053
Univ. Erlangen, Value was not specified	1	UB Erlangen-Nürnberg: Teilbibliothek Theologie, 6, Kochstraße, Burgberg, Erlangen, Bayern, 91054, Deutschland	Erlangen	Deutschland	27	49.600375	11.0171829
Univ. of North Carolina, 125 Mason Farm Rd. Chapel Hill NC 27599, USA	1	Marsico Hall, 125, Mason Farm Road, Downtown, Chapel Hill, Orange County, North Carolina, 27599, United States	Chapel Hill	United States	77	35.90257285	-79.05410208564768
Univ. of North Carolina, Value was not specified	1	University of North Carolina, Stadium Drive, Downtown, Chapel Hill, Orange County, North Carolina, 27514, United States	Chapel Hill	United States	9	35.90503535	-79.04775326525107
Univerity Medical Center Groningen	1				20
Universidad Nacional Autónoma de México - Campus Juriquilla	1				8
Universitaetsklinikum Duesseldorf, Institute of Clinical Neuroscience and Medical Psychology, Moorenstrasse 5 40225 Duesseldorf	1	Universitätsklinikum Düsseldorf, 5, Moorenstraße, Bilk, Stadtbezirk 3, Düsseldorf, Nordrhein-Westfalen, 40225, Deutschland	Düsseldorf	Deutschland	4	51.19596785	6.789820794823264
Universite_d_aix_Marseille, Boulevard_Jean_Moulin_27_Marseille...2FCB78..._District_FR_1300	1	IUT d'Aix-Marseille (site Gaston Berger), Avenue Gaston Berger, Cuques, Aix-en-Provence, Bouches-du-Rhône, Provence-Alpes-Côte d'Azur, France métropolitaine, 13617, France	Aix-en-Provence	France	40	43.51401885	5.451470579714609
Universite_d_aix_Marseille, Boulevard_Jean_Moulin_27_Marseille_District_FR_13005	1	IUT d'Aix-Marseille (site Gaston Berger), Avenue Gaston Berger, Cuques, Aix-en-Provence, Bouches-du-Rhône, Provence-Alpes-Côte d'Azur, France métropolitaine, 13617, France	Aix-en-Provence	France	25	43.51401885	5.451470579714609
Universite_d_aix_Marseille, deleted_by_bidsonym	2	IUT d'Aix-Marseille (site Gaston Berger), Avenue Gaston Berger, Cuques, Aix-en-Provence, Bouches-du-Rhône, Provence-Alpes-Côte d'Azur, France métropolitaine, 13617, France	Aix-en-Provence	France	46	43.51401885	5.451470579714609
University Clinic Aachen	1				16
University College London	1	University College London, Dukes Road, St Pancras, London Borough of Camden, London, Greater London, England, WC1H 9PN, United Kingdom	London	United Kingdom	21	51.52420305	-0.13300072425929543
University Emergency Hopital Bucharest, Bucharest, Romania	1	Spitalul Universitar de Urgență Elias, 17, Bulevardul Mărăști, Domenii, Sector 1, București, 011461, România	București	România	20	44.465901450000004	26.074085429344045
University Hospital Zurich, Neurosurgery Department, Zurich, Switzerland	1				20
University Medical Center Utrecht, Division Brain, Clinical Neurophysiology Department, Heidelberglaan 100, 3584 CX Utrecht	4				93
University Medical Center Utrecht, Heidelberglaan 100, 3584 CX Utrecht, the Netherlands	2	100, Heidelberglaan, Utrecht, Nederland, 3584 CX, Nederland	Utrecht	Nederland	74	52.0860798	5.1797601
University of Arizona	2	University of Arizona, South Kino Parkway, Miles, Tucson, Pima County, Arizona, 85721, United States	Tucson	United States	244	32.23563985	-110.9517440773026
University of Barcelona	1	Universitat de Barcelona, Carrer d'Enric Granados, l'Antiga Esquerra de l'Eixample, Eixample, Barcelona, Barcelonès, Barcelona, Catalunya, 08001, España	Barcelona	España	29	41.38685955	2.163478411827376
University of Birmingham, University of Birmingham, Edgbaston, Birmingham, West Midlands, United Kingdom, B15 2TT	1	The Teaching and Learning Building, Edgbaston Park Road, Bournbrook, Metchley, Birmingham, West Midlands Combined Authority, England, B15 2TT, United Kingdom	Birmingham	United Kingdom	21	52.4522956	-1.9312856726008194
University of California San Diego, 9500 Gilman Drive, La Jolla, CA 92093-0515	1	University of California, San Diego, 9500, Gilman Drive, San Diego, San Diego County, California, 92093, United States	San Diego	United States	24	32.87924375	-117.23112468377349
University of California, San Diego, 9500 Gilman Drive, La Jolla CA 92093, USA	1	University of California, San Diego, 9500, Gilman Drive, San Diego, San Diego County, California, 92093, United States	San Diego	United States	2951	32.87924375	-117.23112468377349
University of California, San Diego, Swartz Center for Computational Neuroscience	1	University of California, Berkeley, Delaware Street, Central Berkeley, Berkeley, Alameda County, California, 94704, United States	Berkeley	United States	2	37.875499649999995	-122.23906851395179
University of Chicago, 5835 S. Cottage Grove Ave	1	University of Chicago Auto Service Facility, 5601, South Cottage Grove Avenue, Hyde Park, Chicago, Hyde Park Township, Cook County, Illinois, 60637, United States	Chicago	United States	50	41.7929341	-87.6056158
University of Coimbra, Polo III - Health Sciences Campus • Azinhaga Santa Comba, Celas • 3000-548 Coimbra | PORTUGAL	1	Reitoria da Universidade de Coimbra, Praça da Porta Férrea, Sé Nova, Alta, Coimbra (Sé Nova, Santa Cruz, Almedina e São Bartolomeu), Coimbra, 3000-447, Portugal	Coimbra	Portugal	75	40.20727145	-8.425504708876376
University of Copenhagen	1	Københavns Universitet, Nørregade, Pisserenden, Kødbyen, København, Københavns Kommune, Indre By, Region Hovedstaden, 1167, Danmark	København	Danmark	21	55.6801502	12.57232700140625
University of Florida, 1275 Center Drive, Gainesville, FL 32611 USA	1	J. Crayton Pruitt Family Department of Biomedical Engineering, 1275, Center Drive, Gainesville, Alachua County, Florida, 32611, United States	Gainesville	United States	1	29.6406433	-82.3456799
University of Florida, 1275 Center Drive, Gainesville, Florida, USA	1	University of Florida College of Nursing, 1600, Center Drive, Gainesville, Alachua County, Florida, 32608, United States	Gainesville	United States	32	29.6417252	-82.3451277
University of Florida, Gainesville, FL	2	University of Florida, Southwest 23rd Way, Gainesville, Alachua County, Florida, 32611, United States	Gainesville	United States	55	29.6328837	-82.34901302237435
University of Fribourg, Rue de Faucigny 2, CH-1700 Fribourg, Switzerland	1	Department of Geosciences at the University of Fribourg, Chemin du Musée, Les Charmettes, Pérolles, Fribourg - Freiburg, District de la Sarine, Fribourg/Freiburg, 1705, Schweiz/Suisse/Svizzera/Svizra		Schweiz/Suisse/Svizzera/Svizra	20	46.793058	7.157106
University of Geneva	1	University Hospitals Geneva Medical Center, 870, West Main Street, Downtown Geneva, Geneva, Ashtabula County, Ohio, 44041, United States		United States	18	41.799306099999995	-80.96166676305658
University of Granada, CIMCYC, Paseo de la Cartuja StreetNo,Granada,Granada,ES,18011	2	Tienda Universidad de Granada, Calle Doctor Severo Ochoa, Pajaritos, Beiro, Granada, Comarca de la Vega de Granada, Granada, Andalucía, 18071, España	Granada	España	84	37.1827211	-3.6056278
University of Ioannina, Arta, Greece	1	Πανεπιστήμιο Ιωαννίνων (Άρτα), Άρτα - Κορωνησία, Άρτα, Δήμος Αρταίων, Περιφερειακή Ενότητα Άρτας, Περιφέρεια Ηπείρου, Αποκεντρωμένη Διοίκηση Ηπείρου - Δυτικής Μακεδονίας, 471 00, Ελλάς	Άρτα	Ελλάς	88	39.12156455	20.94577800428972
University of Liege	1	HEC Liège, 14, Rue Louvrex, Avroy, Angleur, Liège, Wallonie, 4000, België / Belgique / Belgien	Liège	België / Belgique / Belgien	36	50.636860150000004	5.562425232103855
University of Liverpool, University of Liverpool, Bedford Street South, Liverpool, L69 7ZA	1	University of Liverpool, West Derby Street, Knowledge Quarter, Edge Hill, Liverpool, Liverpool City Region, England, L69 7ZB, United Kingdom	Liverpool	United Kingdom	24	53.40724285	-2.965833661018871
University of Maryland, South Paca St 110,Baltimore,District,US,21201	1	University of Maryland, Stadelheim, Obergiesing, Obergiesing-Fasangarten, München, Bayern, 81547, Deutschland	München	Deutschland	147	48.0989816	11.582348947691202
University of Michigan, Ann Arbor, Michigan 48109, USA	1	University of Michigan, 500, South State Street, Ann Arbor, Washtenaw County, Michigan, 48109, United States	Ann Arbor	United States	30	42.2942142	-83.71003893509601
University of Nevada, Reno	3	University of Nevada, Reno, 1664, North Virginia Street, Reno, Washoe County, Nevada, 89557, United States	Reno	United States	107	39.5442688	-119.81631051527071
University of New Mexico	14	University of New Mexico, Cornell Drive Northeast, Nob Hill, Albuquerque, Bernalillo County, New Mexico, 87131, United States	Albuquerque	United States	737	35.08663275	-106.62020940505188
University of Oldenburg, Ammerlaender Heerstr. 114-118, 26129 Oldenburg, Germany	6	V01 - Verwaltung, 114-118, Ammerländer Heerstraße, Haarenfeld, Haarentor, Oldenburg, Niedersachsen, 26129, Deutschland	Oldenburg	Deutschland	156	53.148925399999996	8.182053307335966
University of Oslo, Dept. of Psychology	1	心理系南棟, 桃花心木道, 教職員宿舍, 學府里, 大安區, 公館, 臺北市, 10663, 臺灣	臺北市	臺灣	111	25.01959905	121.54026918996112
University of Oxford, Institute of Biomedical Engineering, Department of Engineering Science, Old Road Campus Research Building, University of Oxford, Headington, Oxford OX3 7DQ, UK	1	Oxford University Museum of Natural History, Parks Road, Holywell, City Centre, Oxford, Oxfordshire, England, OX1 3PW, United Kingdom	Oxford	United Kingdom	20	51.75870755	-1.2556684826092037
University of Oxford, Warneford Hospital, Oxford, OX3 7JX	4	Warneford Hospital, Warneford Lane, Headington Hill, Headington, Oxford, Oxfordshire, England, OX3 7QJ, United Kingdom	Oxford	United Kingdom	75	51.7507042	-1.2214134607351155
University of Oxford, Warneford Hospital, Warneford Lane	1	Warneford Hospital, Warneford Lane, Headington Hill, Headington, Oxford, Oxfordshire, England, OX3 7QJ, United Kingdom	Oxford	United Kingdom	20	51.7507042	-1.2214134607351155
University of Pennsylvania, 425 S University Ave, Philadelphia, PA 19104	1	425, South University Avenue, Philadelphia, Philadelphia County, Pennsylvania, 19104, United States	Philadelphia	United States	34	39.94900903207947	-75.19922781703524
University of Pennsylvania, Philadelphia, PA 19104	3	University of Pennsylvania, Market Street, Powelton Village, Philadelphia, Philadelphia County, Pennsylvania, 19104, United States	Philadelphia	United States	27	39.9493382	-75.1896439962691
University of Pittsburgh School of Medicine, 3550 Terrace St, Pittsburgh, PA, 15213, USA	2	3550, Terrace Street, West Oakland, Pittsburgh, Allegheny County, Pennsylvania, 15213, United States	Pittsburgh	United States	143	40.442814	-79.961803
University of South Australia, Magill Campus, St Bernards Road, Magill SA 5072, Australia	1	University of South Australia, Wireless Road West, Suttontown, Mount Gambier, City of Mount Gambier, South Australia, 5290, Australia	Mount Gambier	Australia	44	-37.8062142	140.766463
University of South Florida (USF) or Brigham Young University (BYU)	2				354
University of Southern California	2	University of Southern California, South Figueroa Street, Historic South-Central, Los Angeles, California, 90089, United States	Los Angeles	United States	74	34.02186895	-118.285857923125
University of Sydney	2	The University of Sydney, Aylesbury Street, Newtown, Inner West, Sydney, Council of the City of Sydney, New South Wales, 2006, Australia	Sydney	Australia	48	-33.88888125	151.18941425705117
University of Trento, Trento, Italy	1	ex Biblioteca universitaria centrale, Via Giuseppe Verdi, Bolghera, Piedicastello, Trento, Territorio Val d'Adige, Provincia di Trento, Trentino-Alto Adige/Südtirol, 38122, Italia	Trento	Italia	6	46.0661497	11.11662318758863
University of Virginia	1	University of Virginia, Winston Road, Venable, Charlottesville, Virginia, 22903, United States	Charlottesville	United States	13	38.0410576	-78.50550841214823
University of Wisconsin-Madison	1	University of Wisconsin-Madison, North Allen Street, Regent, Madison, Dane County, Wisconsin, 53726, United States	Madison	United States	10	43.080274450000005	-89.43095871991434
University of lo Andes, University of lo Andes Cra 1 Nº 18A - 12, Bogotá - Colombia, 111711	1				9
University_College, Bedford_Way_26_London_London_GB_WC1H_0AP	1	26 Bedford Way, 26, Bedford Way, St Pancras, London Borough of Camden, London, Greater London, England, WC1H 0JX, United Kingdom	London	United Kingdom	86	51.5239235	-0.1289356368007011
University_of_Delaware, East_Delaware_Ave._77-79_Newark_DE_US_19716	1	East Delaware Avenue, Lumbrook, Newark, New Castle County, Delaware, 19716, United States	Newark	United States	3	39.6815705	-75.736498
University_of_Delaware_-_Life_Science_Inst., East_Delaware_Ave._77-79_Newark_DE_US_19716	1	East Delaware Avenue, Lumbrook, Newark, New Castle County, Delaware, 19716, United States	Newark	United States	3	39.6815705	-75.736498
University_of_Florida	1	University of Florida, Southwest 23rd Way, Gainesville, Alachua County, Florida, 32611, United States	Gainesville	United States	87	29.6328837	-82.34901302237435
University_of_Iowa, Newton_Road_500_Iowa_City_CDI_US_52242	1	University of Iowa, McCollister Boulevard, Iowa City, Johnson County, Iowa, 52246, United States	Iowa City	United States	26	41.631102350000006	-91.54075201642047
University_of_Maryland, Greenmead_Drive_8770_College_Park_Maryland_US_20742	1	Greenmead Drive, Crystal Springs, College Park Woods, Hyattsville, Prince George's County, Maryland, 20742, United States	Hyattsville	United States	82	39.0021029	-76.9434804
University_of_Maryland, South_Paca_St_110_Baltimore_District_US_21201	2	University of Maryland, Stadelheim, Obergiesing, Obergiesing-Fasangarten, München, Bayern, 81547, Deutschland	München	Deutschland	186	48.0989816	11.582348947691202
University_of_Oregon, Franklin_Blvd_1440_Eugene_District_US_97403	1	University of Oregon, 1585, East 13th Avenue, Eugene, Lane County, Oregon, 97403, United States	Eugene	United States	4	44.04441965	-123.07176029673084
University_of_Pennsylvania, Curie_Blvd._422_Philadelphia_PA_US_19104	2	Stellar Chance Labs, 422, Curie Boulevard, University City, Philadelphia, Philadelphia County, Pennsylvania, 19104, United States	Philadelphia	United States	95	39.94872825	-75.1968778070696
University_of_Toronto, Huron_325_TORONTO_ONTARIO_CA_M5S_3G3	3	University of Toronto, Ross Street, Discovery District, University—Rosedale, Old Toronto, Toronto, Golden Horseshoe, Ontario, M5T 3A1, Canada	Old Toronto	Canada	106	43.663461999999996	-79.39775966248058
Universitätsspital Zürich, 8091 Zurich, Switzerland	1	Universitätsspital Zürich, 100, Rämistrasse, Hochschulen, Altstadt, Zürich, Bezirk Zürich, Zürich, 8091, Schweiz/Suisse/Svizzera/Svizra	Zürich	Schweiz/Suisse/Svizzera/Svizra	9	47.377745149999996	8.551416736238977
UoR, Whiteknights_Campus_StreetNo_Reading_District_GB_RG6_7BE	2	Universal Orlando Resort, 6000, Universal Boulevard, Orlando, Orange County, Florida, 32819, United States	Orlando	United States	114	28.4407046	-81.44487838760884
Ural Federal University	4	"УрФУ, улица Гагарина, ЖК ""Discovery Residence"", Втузгородок, Кировский район, Екатеринбург, городской округ Екатеринбург, Свердловская область, Уральский федеральный округ, 620062, Россия"	Екатеринбург	Россия	423	56.8427004	60.6454981
VANDERBILT INSTITUTE OF IMAGING, 1161 21ST AVE. SOUTH	1	1161, 21st Avenue South, Southside, Great Falls, Cascade County, Montana, 59405, United States	Great Falls	United States	5	47.4831378380255	-111.28657461762954
Vassar_Street_43_Cambridge_Boston_US_02139	1				96
Vassar_Street_43_Cambridge_Middlesex_US_02139	1	46 Brain and Cognitive Sciences, 43, Vassar Street, The Port, Cambridgeport, Cambridge, Middlesex County, Massachusetts, 02139, United States	Cambridge	United States	18	42.362243050000004	-71.091720299238
Virginia_Tech_Carilion_Research_Institute	1	Virginia Tech Carilion Research Institute, Riverside Circle Southwest, Bellview Terrace, Roanoke, Virginia, 24043, United States	Roanoke	United States	32	37.2579548	-79.9423329131356
WTCN University College London, 12 Queen’s Square, London, WC1B 5JS	1				13
WTCN, Queen_Square_12_London_Southeast_GB_WC1N_3BG	1				33
Warneford Hospital, Warneford Lane StreetNo,Oxford,District,GB,OX3 7JX	1	Warneford Hospital, Warneford Lane, Headington Hill, Headington, Oxford, Oxfordshire, England, OX3 7QJ, United Kingdom	Oxford	United Kingdom	10	51.7507042	-1.2214134607351155
Wash_U, Scott_Ave._4525_St._Louis_MO_US_63110	1	4525, Scott Avenue, Central West End, Saint Louis, Missouri, 63110, United States	Saint Louis	United States	3	38.63521872121312	-90.26135736411896
Washington University School of Medicine, 660 S Euclid Ave, St. Louis, MO 63110, USA	1	660, South Euclid Avenue, Central West End, Saint Louis, Missouri, 63110, United States	Saint Louis	United States	118	38.634578625	-90.26310875
Washington University, Scott Ave. 4525,St. Louis,MO,US,63110	1	4525, Scott Avenue, Central West End, Saint Louis, Missouri, 63110, United States	Saint Louis	United States	1	38.63521872121312	-90.26135736411896
Washington_University, Scott_Ave._4525_St._Louis_MO_US_63110	3	4525, Scott Avenue, Central West End, Saint Louis, Missouri, 63110, United States	Saint Louis	United States	28	38.63521872121312	-90.26135736411896
Washington_University, Scott_Ave_4525_St._Louis_MO_US_63110	4	4525, Scott Avenue, Central West End, Saint Louis, Missouri, 63110, United States	Saint Louis	United States	72	38.63521872121312	-90.26135736411896
Weizmann Institute, Street StreetNo,City,District,IL,ZIP	2	מכון ויצמן, הרצל, מעונות וולפסון, רחובות, נפת רחובות, מחוז המרכז, 7670609, ישראל	רחובות	ישראל	82	31.9040163	34.8075739
Weizmann, Street_StreetNo_Rehovot_91E162_District_IL_ZIP	1	ויצמן, חדרה, נפת חדרה, מחוז חיפה, 3844415, ישראל	חדרה	ישראל	59	32.4474311	34.8995664
Weizmann, Street_StreetNo_Rehovot_E1B90C_District_IL_ZIP	1	ויצמן, חדרה, נפת חדרה, מחוז חיפה, 3844415, ישראל	חדרה	ישראל	24	32.4474311	34.8995664
Weizmann, Street_StreetNo_Rehovot_EA3162_District_IL_ZIP	1	ויצמן, חדרה, נפת חדרה, מחוז חיפה, 3844415, ישראל	חדרה	ישראל	59	32.4474311	34.8995664
Weizmann, Street_StreetNo_Rehovot_FA2669_District_IL_ZIP	1	ויצמן, חדרה, נפת חדרה, מחוז חיפה, 3844415, ישראל	חדרה	ישראל	21	32.4474311	34.8995664
Weizmann_Institute, Street_StreetNo_City_District_IL_ZIP	1	מכון ויצמן, הרצל, מעונות וולפסון, רחובות, נפת רחובות, מחוז המרכז, 7670609, ישראל	רחובות	ישראל	22	31.9040163	34.8075739
Wellcome Centre for Human Neuroimaging, 12 Queen Square, London, WC1B 5JS, UK	2	Wellcome Centre for Human Neuroimaging, 12, Queen Square, Gray's Inn, Bloomsbury, London Borough of Camden, London, Greater London, England, WC1N 3BG, United Kingdom	London	United Kingdom	26	51.5218458	-0.1231557
Western_CFMM	1				1
Wuhan_Union_hospital	1	武汉协和医院, 1277号, 解放大道, 新华街道, 江汉区, 武汉市, 湖北省, 430022, 中国	江汉区	中国	20	30.58669445	114.26928597256827
Yale MRRC, Cedar Street 333, New Haven, Connecticut, US 06510	2	333, Cedar Street, Downtown, New Haven, South Central Connecticut Planning Region, Connecticut, 06510, United States	New Haven	United States	24	41.30229099289238	-72.93362679443048
Yale University MRRC, Cedar Street 333,New Haven ,Connecticut,US,06510	1	333, Cedar Street, Downtown, New Haven, South Central Connecticut Planning Region, Connecticut, 06510, United States	New Haven	United States	47	41.30229099289238	-72.93362679443048
Yale_MRRC, Cedar_Street_333_New_Haven_Connecticut_US_06510	1	333, Cedar Street, Downtown, New Haven, South Central Connecticut Planning Region, Connecticut, 06510, United States	New Haven	United States	48	41.30229099289238	-72.93362679443048
Yale_University_-_Dunham_Lab._Bldg., Hillhouse_Ave._10_New_Haven_Northeast_US_06519	1				8
Yale_University_MRRC, Cedar_300_New_Haven_CT_US_06519	1				27
Yale_University_School_of_Medicine, Gilbert_1_New_Haven-1763f8-_CT_US_06520	1				28
Yiheyuan_Road_5_Beijing_Haidian_CN_100871	1				19
York Neuro Imaging Centre, Innovation Way  Heslington,York,District,GB,YO10 5NY	2				84
Ziaeian Hospital, Tehran, Iran	2	شهر تهران, بخش مرکزی شهرستان تهران, شهرستان تهران, استان تهران, ایران	شهر تهران	ایران	48	35.6892523	51.3896004
cni	2	长海机场, 长长线, 大长山岛镇, 长海县, 大连市, 辽宁省, 116500, 中国	长海县	中国	13	39.2669024	122.66609742575719
deleted_by_bidsonym	2				44
deleted_by_bidsonym, deleted_by_bidsonym	2				121
ocmr, Headley Way sfd,Oxford,Southeast,GB,OX3 9UE	1	OCMR, Sandfield Road, Headington, Oxford, Oxfordshire, England, OX3 7RW, United Kingdom	Oxford	United Kingdom	10	51.76489635	-1.2210564563586657
