name	has_participant_tsv	has_participant_json	participant_columns	has_phenotype_dir	has_mri	nb_subjects	raw	fmriprep	freesurfer	mriqc
ds000001	False	False	n/a	False	True	16	https://github.com/OpenNeuroDatasets/ds000001	https://github.com/OpenNeuroDerivatives/ds000001-fmriprep	https://github.com/OpenNeuroDerivatives/ds000001-fmriprep/tree/main/sourcedata/freesurfer	https://github.com/OpenNeuroDerivatives/ds000001-mriqc
ds000002	True	False	['participant_id', 'sex', 'age']	False	True	17	https://github.com/OpenNeuroDatasets/ds000002	https://github.com/OpenNeuroDerivatives/ds000002-fmriprep	https://github.com/OpenNeuroDerivatives/ds000002-fmriprep/tree/main/sourcedata/freesurfer	https://github.com/OpenNeuroDerivatives/ds000002-mriqc
ds000003	True	False	['participant_id', 'sex', 'age']	False	True	13	https://github.com/OpenNeuroDatasets/ds000003	n/a	n/a	https://github.com/OpenNeuroDerivatives/ds000003-mriqc
ds000005	True	False	['participant_id', 'sex', 'age']	False	True	16	https://github.com/OpenNeuroDatasets/ds000005	n/a	n/a	https://github.com/OpenNeuroDerivatives/ds000005-mriqc
ds000006	True	False	['participant_id', 'sex', 'age']	False	True	14	https://github.com/OpenNeuroDatasets/ds000006	n/a	n/a	https://github.com/OpenNeuroDerivatives/ds000006-mriqc
ds000008	True	False	['participant_id', 'sex', 'age']	False	True	14	https://github.com/OpenNeuroDatasets/ds000008	https://github.com/OpenNeuroDerivatives/ds000008-fmriprep	https://github.com/OpenNeuroDerivatives/ds000008-fmriprep/tree/main/sourcedata/freesurfer	https://github.com/OpenNeuroDerivatives/ds000008-mriqc
ds000009	True	False	['participant_id', 'age', 'sex', 'm_SSRTquant', 'm_NumPumps_Avg', 'm_TotalAmt_Avg', 'm_NumExplAvg', 'm_logit_k', 'm_AN-SN', 'b_SSRTquant', 'b_NumPumps_Avg', 'b_TotalAmt_Avg', 'b_NumExplAvg', 'b_k', 'b_AN-SN', 'GABS_TOTAL', 'CARE_ENGAGING-DRUG', 'CARE_ENGAGING-AGGR/ILLEG', 'CARE_ENGAGING-SEX', 'CARE_ENGAGING-DRINKING', 'CARE_ENGAGING-SPORTS', 'CARE_ENGAGING-TOTAL', 'CARE_NEGCONS-DRUG', 'CARE_NEGCONS-AGGR/ILLEG', 'CARE_NEGCONS-SEX', 'CARE_NEGCONS-DRINKING', 'CARE_NEGCONS-SPORTS', 'CARE_NEGCONS-TOTAL', 'CARE_POSCONS-DRUG', 'CARE_POSCONS-AGGR/ILLEG', 'CARE_POSCONS-SEX', 'CARE_POSCONS-DRINKING', 'CARE_POSCONS-SPORTS', 'CARE_POSCONS-TOTAL', 'NEED', 'FOR', 'COG_TOTAL', 'COG', 'REFLECTION_NUM', 'CORR', 'COG.1', 'REFLECTION_CONFIDENCE', 'COG.2', 'REFLECTION_NUM.1', 'SEEN', 'SENS', 'SEEK_BOREDOM', 'SENS.1', 'SEEK_DISINHIB', 'SENS.2', 'SEEK_EXP', 'SEEK', 'SENS.3', 'SEEK_THRILL', 'SEEK.1', 'SENS.4', 'SEEK_TOTAL', 'BIS_ATTN', 'BIS_MOTOR', 'BIS_NP', 'BIS_TOTAL', 'BIS/BAS_BAS-REWRESP', 'BIS/BAS_BAS-FUNSEEK', 'BIS/BAS_BAS-DRIVE', 'BIS/BAS_BAS', 'TOTAL', 'BIS/BAS_BIS', 'DOSPERT_RT-ETH', 'DOSPERT_RT-FIN', 'DOSPERT_RT-HLTH/SAF', 'DOSPERT_RT-REC', 'DOSPERT_RT-SOC', 'DOSPERT_RT-TOTAL', 'DOSPERT_RP-ETH', 'DOSPERT_RP-FIN', 'DOSPERT_RP-HLTH/SAF', 'DOSPERT_RP-REC', 'DOSPERT_RP-SOC', 'DOSPERT_RP-TOTAL', 'DOSPERT_EB-ETH', 'DOSPERT_EB-FIN', 'DOSPERT_EB-HLTH/SAF', 'DOSPERT_EB-REC', 'DOSPERT_EB-SOC', 'DOSPERT_EB-TOTAL', 'PANAS_(Post-Pre)-Interested', 'PANAS_(Post-Pre)-Distressed', 'PANAS_(Post-Pre)-Excited', 'PANAS_(Post-Pre)-Upset', 'PANAS_(Post-Pre)-Strong']	False	True	24	https://github.com/OpenNeuroDatasets/ds000009	https://github.com/OpenNeuroDerivatives/ds000009-fmriprep	https://github.com/OpenNeuroDerivatives/ds000009-fmriprep/tree/main/sourcedata/freesurfer	https://github.com/OpenNeuroDerivatives/ds000009-mriqc
ds000011	True	False	['participant_id', 'sex', 'age']	False	True	14	https://github.com/OpenNeuroDatasets/ds000011	n/a	n/a	https://github.com/OpenNeuroDerivatives/ds000011-mriqc
ds000017	True	False	['participant_id', 'sex', 'age']	False	True	8	https://github.com/OpenNeuroDatasets/ds000017	https://github.com/OpenNeuroDerivatives/ds000017-fmriprep	https://github.com/OpenNeuroDerivatives/ds000017-fmriprep/tree/main/sourcedata/freesurfer	https://github.com/OpenNeuroDerivatives/ds000017-mriqc
ds000030	True	False	['participant_id', 'diagnosis', 'age', 'gender', 'bart', 'bht', 'dwi', 'pamenc', 'pamret', 'rest', 'scap', 'stopsignal', 'T1w', 'taskswitch', 'ScannerSerialNumber', 'ghost_NoGhost']	True	True	272	https://github.com/OpenNeuroDatasets/ds000030	n/a	n/a	https://github.com/OpenNeuroDerivatives/ds000030-mriqc
ds000051	False	False	n/a	False	True	13	https://github.com/OpenNeuroDatasets/ds000051	https://github.com/OpenNeuroDerivatives/ds000051-fmriprep	https://github.com/OpenNeuroDerivatives/ds000051-fmriprep/tree/main/sourcedata/freesurfer	https://github.com/OpenNeuroDerivatives/ds000051-mriqc
ds000052	False	False	n/a	False	True	13	https://github.com/OpenNeuroDatasets/ds000052	https://github.com/OpenNeuroDerivatives/ds000052-fmriprep	https://github.com/OpenNeuroDerivatives/ds000052-fmriprep/tree/main/sourcedata/freesurfer	https://github.com/OpenNeuroDerivatives/ds000052-mriqc
ds000053	True	False	['participant_id', 'gender', 'age']	False	True	59	https://github.com/OpenNeuroDatasets/ds000053	n/a	n/a	https://github.com/OpenNeuroDerivatives/ds000053-mriqc
ds000101	True	False	['participant_id', 'gender', 'age']	False	True	21	https://github.com/OpenNeuroDatasets/ds000101	https://github.com/OpenNeuroDerivatives/ds000101-fmriprep	https://github.com/OpenNeuroDerivatives/ds000101-fmriprep/tree/main/sourcedata/freesurfer	https://github.com/OpenNeuroDerivatives/ds000101-mriqc
ds000102	True	False	['participant_id', 'gender', 'age']	False	True	26	https://github.com/OpenNeuroDatasets/ds000102	https://github.com/OpenNeuroDerivatives/ds000102-fmriprep	https://github.com/OpenNeuroDerivatives/ds000102-fmriprep/tree/main/sourcedata/freesurfer	https://github.com/OpenNeuroDerivatives/ds000102-mriqc
ds000105	False	False	n/a	False	True	6	https://github.com/OpenNeuroDatasets/ds000105	https://github.com/OpenNeuroDerivatives/ds000105-fmriprep	https://github.com/OpenNeuroDerivatives/ds000105-fmriprep/tree/main/sourcedata/freesurfer	https://github.com/OpenNeuroDerivatives/ds000105-mriqc
ds000108	True	False	['participant_id', 'sex', 'age']	False	True	34	https://github.com/OpenNeuroDatasets/ds000108	https://github.com/OpenNeuroDerivatives/ds000108-fmriprep	https://github.com/OpenNeuroDerivatives/ds000108-fmriprep/tree/main/sourcedata/freesurfer	https://github.com/OpenNeuroDerivatives/ds000108-mriqc
ds000109	False	False	n/a	False	True	36	https://github.com/OpenNeuroDatasets/ds000109	https://github.com/OpenNeuroDerivatives/ds000109-fmriprep	https://github.com/OpenNeuroDerivatives/ds000109-fmriprep/tree/main/sourcedata/freesurfer	https://github.com/OpenNeuroDerivatives/ds000109-mriqc
ds000114	True	False	['participant_id', 'dominant_hand']	False	True	10	https://github.com/OpenNeuroDatasets/ds000114	https://github.com/OpenNeuroDerivatives/ds000114-fmriprep	https://github.com/OpenNeuroDerivatives/ds000114-fmriprep/tree/main/sourcedata/freesurfer	https://github.com/OpenNeuroDerivatives/ds000114-mriqc
ds000115	True	False	['participant_id', 'condit', 'gender', 'race', 'age', 'yrschool', 'saps7', 'saps20', 'saps25', 'saps34', 'sans8', 'sans13', 'sans17', 'sans22', 'sans25', 'd4prime', 'LFLUNOVS', 'CFLUNOVA', 'TRAILB', 'WCSTPSVE', 'WAIS_VOCAB_SCALED', 'WAIS_MATRICS_SCALE', 'LOGIALMEMORY_SCALE', 'FAMILYPICT_SCALE', 'LNS_SCALE', 'SST_SCALE', 'DST_SCALE', 'z_iq_4grp', 'z_wm_4grp', 'z_em_4grp', 'z_ra_4grp', 'z_pos_4grp', 'z_neg_4grp', 'z_dis_4grp', 'fyrschool', 'myrschool', 'parent_yrsschool', 'nback0_nont', 'nback0_targ', 'nback1_nont', 'nback1_targ', 'nback2_nont', 'nback2_targ', 'nback0_nont_medrt', 'nback0_targ_medrt', 'nback1_nont_medrt', 'nback1_targ_medrt', 'nback2_nont_medrt', 'nback2_targ_medrt']	False	True	99	https://github.com/OpenNeuroDatasets/ds000115	https://github.com/OpenNeuroDerivatives/ds000115-fmriprep	https://github.com/OpenNeuroDerivatives/ds000115-fmriprep/tree/main/sourcedata/freesurfer	https://github.com/OpenNeuroDerivatives/ds000115-mriqc
ds000116	True	False	['participant_id', 'sex', 'age', 'handedness', 'ethnicity']	False	True	17	https://github.com/OpenNeuroDatasets/ds000116	n/a	n/a	https://github.com/OpenNeuroDerivatives/ds000116-mriqc
ds000117	True	False	['participant_id', 'age', 'sex', 'first_ses']	False	True	16	https://github.com/OpenNeuroDatasets/ds000117	https://github.com/OpenNeuroDerivatives/ds000117-fmriprep	https://github.com/OpenNeuroDerivatives/ds000117-fmriprep/tree/main/sourcedata/freesurfer	https://github.com/OpenNeuroDerivatives/ds000117-mriqc
ds000119	True	False	['participant_id', 'sex', 'age']	False	True	73	https://github.com/OpenNeuroDatasets/ds000119	n/a	n/a	https://github.com/OpenNeuroDerivatives/ds000119-mriqc
ds000120	True	False	['participant_id', 'sex', 'age']	False	True	26	https://github.com/OpenNeuroDatasets/ds000120	https://github.com/OpenNeuroDerivatives/ds000120-fmriprep	https://github.com/OpenNeuroDerivatives/ds000120-fmriprep/tree/main/sourcedata/freesurfer	https://github.com/OpenNeuroDerivatives/ds000120-mriqc
ds000121	True	False	['participant_id', 'sex', 'age']	False	True	28	https://github.com/OpenNeuroDatasets/ds000121	n/a	n/a	https://github.com/OpenNeuroDerivatives/ds000121-mriqc
ds000133	True	False	['participant_id', 'study_group', 'handedness', 'gender']	False	True	26	https://github.com/OpenNeuroDatasets/ds000133	n/a	n/a	https://github.com/OpenNeuroDerivatives/ds000133-mriqc
ds000140	True	False	['participant_id', 'sex', 'age']	False	True	33	https://github.com/OpenNeuroDatasets/ds000140	n/a	n/a	https://github.com/OpenNeuroDerivatives/ds000140-mriqc
ds000144	True	True	['participant_id', 'poverty', 'race', 'ScanAge', 'jsex', 'hand', 'IQ', 'Imp_P', 'SADSx_p', 'SADDx_p', 'GADSx_p', 'GADDx_p', 'SOCSx_p', 'SOCDx_p', 'Imp_f', 'SADSx_f', 'SADDx_f', 'GADSx_f', 'GADDx_f', 'SOCSx_f', 'SOCDx_f', 'AnyAnx_p', 'AnyAnx_f', 'InternSx_p', 'InternSx_f', 'scanner']	False	True	45	https://github.com/OpenNeuroDatasets/ds000144	https://github.com/OpenNeuroDerivatives/ds000144-fmriprep	https://github.com/OpenNeuroDerivatives/ds000144-fmriprep/tree/main/sourcedata/freesurfer	https://github.com/OpenNeuroDerivatives/ds000144-mriqc
ds000148	True	False	['participant_id', 'dataset', 'sex', 'age', 'AS36_switching_self-rated', 'AS36_switching_1st-friend-rating', 'AS36_switching_2nd-friend-rating', 'AS36_monitoring_self-rated', 'AS36_monitoring_1st-friend-rating', 'AS36_monitoring_2nd-friend-rating', 'AS36_inhibition_self-rated', 'AS36_inhibition_1st-friend-rating', 'AS36_inhibition_2nd-friend-rating', 'RPM', 'TAO']	False	True	49	https://github.com/OpenNeuroDatasets/ds000148	n/a	n/a	https://github.com/OpenNeuroDerivatives/ds000148-mriqc
ds000157	True	True	['participant_id', 'sex', 'age', 'BMI', 'diet_success', 'diet_importance', 'appetite_pre', 'appetite_post', 'oral_contraceptive', 'days_since_menstruationi', 'cycle_phase_covariate']	False	True	30	https://github.com/OpenNeuroDatasets/ds000157	https://github.com/OpenNeuroDerivatives/ds000157-fmriprep	https://github.com/OpenNeuroDerivatives/ds000157-fmriprep/tree/main/sourcedata/freesurfer	https://github.com/OpenNeuroDerivatives/ds000157-mriqc
ds000168	True	False	['participant_id', 'sex', 'age']	False	True	35	https://github.com/OpenNeuroDatasets/ds000168	n/a	n/a	https://github.com/OpenNeuroDerivatives/ds000168-mriqc
ds000170	True	False	['participant_id', 'handedness', 'sex', 'age']	False	True	15	https://github.com/OpenNeuroDatasets/ds000170	https://github.com/OpenNeuroDerivatives/ds000170-fmriprep	https://github.com/OpenNeuroDerivatives/ds000170-fmriprep/tree/main/sourcedata/freesurfer	https://github.com/OpenNeuroDerivatives/ds000170-mriqc
ds000171	True	False	['participant_id', 'sex', 'age', 'group']	False	True	39	https://github.com/OpenNeuroDatasets/ds000171	https://github.com/OpenNeuroDerivatives/ds000171-fmriprep	https://github.com/OpenNeuroDerivatives/ds000171-fmriprep/tree/main/sourcedata/freesurfer	https://github.com/OpenNeuroDerivatives/ds000171-mriqc
ds000203	True	True	['participant_id', 'Age', 'Sex', 'Education', 'IQverbal', 'LSHS_14', 'LSHSvoice_items4910', 'LSHSaudit_items57', 'VisualScore', 'VisScore_high', 'DELUproneness', 'Hits', 'Omissions', 'FalseAlarms', 'CorrectRejections', 'TRhit', 'TRomission', 'TRfalseAlarm', 'TRcorrectRej', 'TRmean', 'Pr', 'Br']	False	True	26	https://github.com/OpenNeuroDatasets/ds000203	n/a	n/a	https://github.com/OpenNeuroDerivatives/ds000203-mriqc
ds000205	True	False	['participant_id', 'handedness']	False	True	11	https://github.com/OpenNeuroDatasets/ds000205	https://github.com/OpenNeuroDerivatives/ds000205-fmriprep	https://github.com/OpenNeuroDerivatives/ds000205-fmriprep/tree/main/sourcedata/freesurfer	https://github.com/OpenNeuroDerivatives/ds000205-mriqc
ds000208	True	False	['participant_id', 'type', 'study', 'gender', 'Age', 'Drug', 'Response', '% Analsesia VAS', '% Analgesia WOMAC']	False	True	76	https://github.com/OpenNeuroDatasets/ds000208	https://github.com/OpenNeuroDerivatives/ds000208-fmriprep	https://github.com/OpenNeuroDerivatives/ds000208-fmriprep/tree/main/sourcedata/freesurfer	https://github.com/OpenNeuroDerivatives/ds000208-mriqc
ds000210	True	False	['participant_id', 'gender', 'age', 'physioSampling', 'restAcquisiotion']	False	True	31	https://github.com/OpenNeuroDatasets/ds000210	n/a	n/a	https://github.com/OpenNeuroDerivatives/ds000210-mriqc
ds000212	True	False	['participant_id', 'group', 'gender', 'age']	False	True	39	https://github.com/OpenNeuroDatasets/ds000212	https://github.com/OpenNeuroDerivatives/ds000212-fmriprep	https://github.com/OpenNeuroDerivatives/ds000212-fmriprep/tree/main/sourcedata/freesurfer	https://github.com/OpenNeuroDerivatives/ds000212-mriqc
ds000213	True	False	['participant_id', 'gender', 'group']	False	True	26	https://github.com/OpenNeuroDatasets/ds000213	https://github.com/OpenNeuroDerivatives/ds000213-fmriprep	https://github.com/OpenNeuroDerivatives/ds000213-fmriprep/tree/main/sourcedata/freesurfer	https://github.com/OpenNeuroDerivatives/ds000213-mriqc
ds000217	True	False	['participant_id', 'age', 'sex', 'route_group']	False	True	41	https://github.com/OpenNeuroDatasets/ds000217	n/a	n/a	https://github.com/OpenNeuroDerivatives/ds000217-mriqc
ds000218	True	False	['participant_id', 'sex', 'age', 'handedness', 'scan_time']	False	True	19	https://github.com/OpenNeuroDatasets/ds000218	https://github.com/OpenNeuroDerivatives/ds000218-fmriprep	https://github.com/OpenNeuroDerivatives/ds000218-fmriprep/tree/main/sourcedata/freesurfer	https://github.com/OpenNeuroDerivatives/ds000218-mriqc
ds000219	True	False	['participant_id', 'sex', 'age', 'handedness', 'scan_time']	False	True	21	https://github.com/OpenNeuroDatasets/ds000219	n/a	n/a	https://github.com/OpenNeuroDerivatives/ds000219-mriqc
ds000220	True	False	['participant_id', 'age', 'sex', 'months_injury_time1', 'months_time1_time2', 'months_time2_time3']	False	True	26	https://github.com/OpenNeuroDatasets/ds000220	https://github.com/OpenNeuroDerivatives/ds000220-fmriprep	https://github.com/OpenNeuroDerivatives/ds000220-fmriprep/tree/main/sourcedata/freesurfer	https://github.com/OpenNeuroDerivatives/ds000220-mriqc
ds000223	True	False	['participant_id']	False	True	19	https://github.com/OpenNeuroDatasets/ds000223	n/a	n/a	https://github.com/OpenNeuroDerivatives/ds000223-mriqc
ds000224	True	True	['participant_id', 'gender', 'age', 'education_degree', 'education_years']	True	True	10	https://github.com/OpenNeuroDatasets/ds000224	n/a	n/a	https://github.com/OpenNeuroDerivatives/ds000224-mriqc
ds000228	True	True	['participant_id', 'Age', 'AgeGroup', 'Child_Adult', 'Gender', 'Handedness', 'ToM Booklet-Matched', 'ToM Booklet-Matched-NOFB', 'FB_Composite', 'FB_Group', 'WPPSI BD raw', 'WPPSI BD scaled', 'KBIT_raw', 'KBIT_standard', 'DCCS Summary', 'Scanlog: Scanner', 'Scanlog: Coil', 'Scanlog: Voxel slize', 'Scanlog: Slice Gap']	False	True	155	https://github.com/OpenNeuroDatasets/ds000228	https://github.com/OpenNeuroDerivatives/ds000228-fmriprep	https://github.com/OpenNeuroDerivatives/ds000228-fmriprep/tree/main/sourcedata/freesurfer	https://github.com/OpenNeuroDerivatives/ds000228-mriqc
ds000229	True	False	['participant_id', 'sex', 'age', 'bmi']	False	True	15	https://github.com/OpenNeuroDatasets/ds000229	n/a	n/a	https://github.com/OpenNeuroDerivatives/ds000229-mriqc
ds000231	True	False	['participant_id', 'sex', 'age', 'bmi']	False	True	9	https://github.com/OpenNeuroDatasets/ds000231	n/a	n/a	https://github.com/OpenNeuroDerivatives/ds000231-mriqc
ds000233	True	False	['participant_id', 'age', 'sex', 'group']	False	True	12	https://github.com/OpenNeuroDatasets/ds000233	https://github.com/OpenNeuroDerivatives/ds000233-fmriprep	https://github.com/OpenNeuroDerivatives/ds000233-fmriprep/tree/main/sourcedata/freesurfer	https://github.com/OpenNeuroDerivatives/ds000233-mriqc
ds000237	False	False	n/a	False	True	13	https://github.com/OpenNeuroDatasets/ds000237	https://github.com/OpenNeuroDerivatives/ds000237-fmriprep	https://github.com/OpenNeuroDerivatives/ds000237-fmriprep/tree/main/sourcedata/freesurfer	https://github.com/OpenNeuroDerivatives/ds000237-mriqc
ds000241	False	False	n/a	False	True	12	https://github.com/OpenNeuroDatasets/ds000241	n/a	n/a	https://github.com/OpenNeuroDerivatives/ds000241-mriqc
ds000243	True	False	['participant_id', 'Age', 'Gender', 'Handedness', 'Native English Only', 'Total rest minutes']	False	True	120	https://github.com/OpenNeuroDatasets/ds000243	https://github.com/OpenNeuroDerivatives/ds000243-fmriprep	https://github.com/OpenNeuroDerivatives/ds000243-fmriprep/tree/main/sourcedata/freesurfer	https://github.com/OpenNeuroDerivatives/ds000243-mriqc
ds000245	True	False	['participant_id', 'Age', 'Gender', 'ACER', 'MMSE', 'OSITJ']	False	True	45	https://github.com/OpenNeuroDatasets/ds000245	https://github.com/OpenNeuroDerivatives/ds000245-fmriprep	https://github.com/OpenNeuroDerivatives/ds000245-fmriprep/tree/main/sourcedata/freesurfer	https://github.com/OpenNeuroDerivatives/ds000245-mriqc
ds000249	True	False	['participant_id', 'age', 'gender_F']	False	True	26	https://github.com/OpenNeuroDatasets/ds000249	https://github.com/OpenNeuroDerivatives/ds000249-fmriprep	https://github.com/OpenNeuroDerivatives/ds000249-fmriprep/tree/main/sourcedata/freesurfer	https://github.com/OpenNeuroDerivatives/ds000249-mriqc
ds000253	True	False	['participant_id', 'group', 'ageAtFirstScanYears', 'handedness', 'sex', 'EstimateOfHoursPlayingActionVideoGamesPerweekInLastYear']	False	True	20	https://github.com/OpenNeuroDatasets/ds000253	n/a	n/a	https://github.com/OpenNeuroDerivatives/ds000253-mriqc
ds000254	True	False	['participant_id', 'sex', 'age', 'handedness']	False	True	13	https://github.com/OpenNeuroDatasets/ds000254	n/a	n/a	https://github.com/OpenNeuroDerivatives/ds000254-mriqc
ds000255	False	False	n/a	False	True	2	https://github.com/OpenNeuroDatasets/ds000255	https://github.com/OpenNeuroDerivatives/ds000255-fmriprep	https://github.com/OpenNeuroDerivatives/ds000255-fmriprep/tree/main/sourcedata/freesurfer	https://github.com/OpenNeuroDerivatives/ds000255-mriqc
ds000256	True	False	['participant_id', 'age', 'sex', 'group']	False	True	24	https://github.com/OpenNeuroDatasets/ds000256	n/a	n/a	https://github.com/OpenNeuroDerivatives/ds000256-mriqc
ds000258	False	False	n/a	False	True	88	https://github.com/OpenNeuroDatasets/ds000258	n/a	n/a	https://github.com/OpenNeuroDerivatives/ds000258-mriqc
ds001110	True	False	['participant_id', 'sex', 'age', 'mem_score']	False	True	37	https://github.com/OpenNeuroDatasets/ds001110	n/a	n/a	https://github.com/OpenNeuroDerivatives/ds001110-mriqc
ds001131	True	False	['participant_id', 'sex', 'age']	False	True	54	https://github.com/OpenNeuroDatasets/ds001131	n/a	n/a	https://github.com/OpenNeuroDerivatives/ds001131-mriqc
ds001132	False	False	n/a	False	True	16	https://github.com/OpenNeuroDatasets/ds001132	n/a	n/a	https://github.com/OpenNeuroDerivatives/ds001132-mriqc
ds001145	False	False	n/a	False	True	24	https://github.com/OpenNeuroDatasets/ds001145	n/a	n/a	https://github.com/OpenNeuroDerivatives/ds001145-mriqc
ds001178	True	False	['participant_id', 'source', 'problem']	False	True	23	https://github.com/OpenNeuroDatasets/ds001178	n/a	n/a	https://github.com/OpenNeuroDerivatives/ds001178-mriqc
ds001226	True	False	['participant_id', ' sex', ' age', 'tumor type & grade', 'tumor size (cub cm)', 'tumor location', 'fmri TR', 'handedness', 'height (cm)', 'weight (kg)', 'STAI', 'PSWQ', 'ERQ reappraisal', 'ERQ suppression', 'ERQ processing', 'ERQ expression', 'Loneliness', 'Marital status', 'Education level (1-9)', 'Employment', 'Sport frequency/week', 'Smoking', 'Cafeine index', 'Alcohol index current', 'Alcohol index lifetime', 'MOT_latency_mean', 'MOT_latency_md', 'MOT_error_mean', 'RTI_simple_accuracy', 'RTI_simpleRT_mean', 'RTI_simpleRT_md', 'RTI_simpleRT_sd', 'RTI_simpleMT_mean', 'RTI_simpleMT_md', 'RTI_simpleMT_sd', 'RTI_five_accuracy', 'RTI_fiveMT', 'RTI_fiveRT', 'RTI_fiveRT_sd', 'RTI_fiveMT_mean', 'RTI_fiveMT_md', 'RTI_fiveMT_sd', 'RVP_A', 'RVP_probhit', 'RVP_falsealarms', 'RVP_latancy_mean', 'RVP_latency_md', 'SOC_prob_minmoves', 'SOC_meanmoves2', 'SOC_meanmoves3', 'SOC_meanmoves4', 'SOC_meanmoves5', 'SSP_spanlength']	False	True	36	https://github.com/OpenNeuroDatasets/ds001226	https://github.com/OpenNeuroDerivatives/ds001226-fmriprep	https://github.com/OpenNeuroDerivatives/ds001226-fmriprep/tree/main/sourcedata/freesurfer	https://github.com/OpenNeuroDerivatives/ds001226-mriqc
ds001228	True	False	['participant_id', 'sex', 'age']	False	True	24	https://github.com/OpenNeuroDatasets/ds001228	n/a	n/a	https://github.com/OpenNeuroDerivatives/ds001228-mriqc
ds001229	True	False	['participant_id', 'sex', 'age']	False	True	27	https://github.com/OpenNeuroDatasets/ds001229	n/a	n/a	https://github.com/OpenNeuroDerivatives/ds001229-mriqc
ds001232	True	False	['participant_id', 'sex', 'age']	False	True	21	https://github.com/OpenNeuroDatasets/ds001232	n/a	n/a	https://github.com/OpenNeuroDerivatives/ds001232-mriqc
ds001235	False	False	n/a	False	True	12	https://github.com/OpenNeuroDatasets/ds001235	n/a	n/a	https://github.com/OpenNeuroDerivatives/ds001235-mriqc
ds001241	True	False	['participant_id', 'age', 'sex', 'handedness']	False	True	24	https://github.com/OpenNeuroDatasets/ds001241	n/a	n/a	https://github.com/OpenNeuroDerivatives/ds001241-mriqc
ds001242	True	False	['participant_id', 'group', 'sex']	False	True	52	https://github.com/OpenNeuroDatasets/ds001242	n/a	n/a	https://github.com/OpenNeuroDerivatives/ds001242-mriqc
ds001297	True	False	['participant_id', 'age', 'sex']	False	True	33	https://github.com/OpenNeuroDatasets/ds001297	n/a	n/a	https://github.com/OpenNeuroDerivatives/ds001297-mriqc
ds001299	True	False	['participant_id', 'Sex', 'Age']	False	True	19	https://github.com/OpenNeuroDatasets/ds001299	n/a	n/a	https://github.com/OpenNeuroDerivatives/ds001299-mriqc
ds001302	False	False	n/a	False	True	23	https://github.com/OpenNeuroDatasets/ds001302	n/a	n/a	https://github.com/OpenNeuroDerivatives/ds001302-mriqc
ds001338	True	False	['participant_id', 'age', 'sex', 'gptsa_score']	False	True	22	https://github.com/OpenNeuroDatasets/ds001338	https://github.com/OpenNeuroDerivatives/ds001338-fmriprep	https://github.com/OpenNeuroDerivatives/ds001338-fmriprep/tree/main/sourcedata/freesurfer	https://github.com/OpenNeuroDerivatives/ds001338-mriqc
ds001339	False	False	n/a	False	True	14	https://github.com/OpenNeuroDatasets/ds001339	n/a	n/a	https://github.com/OpenNeuroDerivatives/ds001339-mriqc
ds001344	True	False	['participant_id', 'age', 'sex']	False	True	15	https://github.com/OpenNeuroDatasets/ds001344	n/a	n/a	https://github.com/OpenNeuroDerivatives/ds001344-mriqc
ds001345	True	False	['participant_id', 'sex', 'age']	False	True	12	https://github.com/OpenNeuroDatasets/ds001345	https://github.com/OpenNeuroDerivatives/ds001345-fmriprep	https://github.com/OpenNeuroDerivatives/ds001345-fmriprep/tree/main/sourcedata/freesurfer	https://github.com/OpenNeuroDerivatives/ds001345-mriqc
ds001353	True	False	['participant_id', 'sex', 'age']	False	True	29	https://github.com/OpenNeuroDatasets/ds001353	n/a	n/a	https://github.com/OpenNeuroDerivatives/ds001353-mriqc
ds001357	False	False	n/a	False	True	18	https://github.com/OpenNeuroDatasets/ds001357	n/a	n/a	https://github.com/OpenNeuroDerivatives/ds001357-mriqc
ds001371	True	False	['participant_id', 'sex', 'age', 'group']	False	True	47	https://github.com/OpenNeuroDatasets/ds001371	n/a	n/a	https://github.com/OpenNeuroDerivatives/ds001371-mriqc
ds001386	True	False	['participant_id', 'age', 'sex', 'group']	False	True	42	https://github.com/OpenNeuroDatasets/ds001386	n/a	n/a	https://github.com/OpenNeuroDerivatives/ds001386-mriqc
ds001399	True	False	['participant_id', 'age', 'sex']	False	True	3	https://github.com/OpenNeuroDatasets/ds001399	n/a	n/a	https://github.com/OpenNeuroDerivatives/ds001399-mriqc
ds001417	True	False	['participant_id', 'age', 'sex', 'height', 'weight', 'follow_up', 'included_probe_after', 'included_probe_follow_up']	False	True	36	https://github.com/OpenNeuroDatasets/ds001417	n/a	n/a	https://github.com/OpenNeuroDerivatives/ds001417-mriqc
ds001419	True	False	['participant_id', 'sex', 'age']	False	True	1	https://github.com/OpenNeuroDatasets/ds001419	https://github.com/OpenNeuroDerivatives/ds001419-fmriprep	https://github.com/OpenNeuroDerivatives/ds001419-fmriprep/tree/main/sourcedata/freesurfer	https://github.com/OpenNeuroDerivatives/ds001419-mriqc
ds001486	True	True	['participant_id', 'age_ses-T1', 'age_ses-T2', 'sex', 'handedness', 'ses-T1_task-Mult_run-01', 'ses-T1_task-Mult_run-02', 'ses-T1_task-Num_run-01', 'ses-T1_task-Num_run-02', 'ses-T1_task-Rhyming', 'ses-T1_task-Sub_run-01', 'ses-T1_task-Sub_run-02', 'ses-T2_task-Mult_run-01', 'ses-T2_task-Mult_run-02', 'ses-T2_task-Num_run-01', 'ses-T2_task-Num_run-02', 'ses-T2_task-Rhyming', 'ses-T2_task-Sub_run-01', 'ses-T2_task-Sub_run-02']	True	True	132	https://github.com/OpenNeuroDatasets/ds001486	n/a	n/a	https://github.com/OpenNeuroDerivatives/ds001486-mriqc
ds001491	True	True	['participant_id', 'gender', 'handedness', 'age', 'scandate', 'scan_time']	False	True	20	https://github.com/OpenNeuroDatasets/ds001491	n/a	n/a	https://github.com/OpenNeuroDerivatives/ds001491-mriqc
ds001497	False	False	n/a	False	True	10	https://github.com/OpenNeuroDatasets/ds001497	https://github.com/OpenNeuroDerivatives/ds001497-fmriprep	https://github.com/OpenNeuroDerivatives/ds001497-fmriprep/tree/main/sourcedata/freesurfer	https://github.com/OpenNeuroDerivatives/ds001497-mriqc
ds001521	False	False	n/a	False	True	41	https://github.com/OpenNeuroDatasets/ds001521	n/a	n/a	https://github.com/OpenNeuroDerivatives/ds001521-mriqc
ds001534	True	True	['participant_id', 'age', 'gender', 'height_in', 'weight_lbs', 'BMI', 'bodyfat', 'dieting_status', 'restraint_scale', 'concern_dieting', 'weight_fluctuation']	False	True	42	https://github.com/OpenNeuroDatasets/ds001534	n/a	n/a	https://github.com/OpenNeuroDerivatives/ds001534-mriqc
ds001554	True	False	['participant_id', 'sex']	False	True	23	https://github.com/OpenNeuroDatasets/ds001554	n/a	n/a	https://github.com/OpenNeuroDerivatives/ds001554-mriqc
ds001576	False	False	n/a	False	True	36	https://github.com/OpenNeuroDatasets/ds001576	n/a	n/a	https://github.com/OpenNeuroDerivatives/ds001576-mriqc
ds001590	True	False	['participant_id']	False	True	32	https://github.com/OpenNeuroDatasets/ds001590	n/a	n/a	https://github.com/OpenNeuroDerivatives/ds001590-mriqc
ds001595	False	False	n/a	False	True	1	https://github.com/OpenNeuroDatasets/ds001595	n/a	n/a	https://github.com/OpenNeuroDerivatives/ds001595-mriqc
ds001597	True	True	['participant_id', 'handedness', 'group']	False	True	20	https://github.com/OpenNeuroDatasets/ds001597	n/a	n/a	https://github.com/OpenNeuroDerivatives/ds001597-mriqc
ds001607	False	False	n/a	False	True	32	https://github.com/OpenNeuroDatasets/ds001607	n/a	n/a	https://github.com/OpenNeuroDerivatives/ds001607-mriqc
ds001608	True	False	['participant_id', 'age', 'DOB', 'sex']	False	True	21	https://github.com/OpenNeuroDatasets/ds001608	n/a	n/a	https://github.com/OpenNeuroDerivatives/ds001608-mriqc
ds001612	False	False	n/a	False	True	24	https://github.com/OpenNeuroDatasets/ds001612	https://github.com/OpenNeuroDerivatives/ds001612-fmriprep	https://github.com/OpenNeuroDerivatives/ds001612-fmriprep/tree/main/sourcedata/freesurfer	https://github.com/OpenNeuroDerivatives/ds001612-mriqc
ds001614	False	False	n/a	False	True	31	https://github.com/OpenNeuroDatasets/ds001614	n/a	n/a	https://github.com/OpenNeuroDerivatives/ds001614-mriqc
ds001634	False	False	n/a	False	True	19	https://github.com/OpenNeuroDatasets/ds001634	n/a	n/a	https://github.com/OpenNeuroDerivatives/ds001634-mriqc
ds001635	False	False	n/a	False	True	16	https://github.com/OpenNeuroDatasets/ds001635	n/a	n/a	https://github.com/OpenNeuroDerivatives/ds001635-mriqc
ds001715	False	False	n/a	False	True	34	https://github.com/OpenNeuroDatasets/ds001715	n/a	n/a	https://github.com/OpenNeuroDerivatives/ds001715-mriqc
ds001734	True	False	['participant_id', 'group', 'gender', 'age']	False	True	108	https://github.com/OpenNeuroDatasets/ds001734	https://github.com/OpenNeuroDerivatives/ds001734-fmriprep	https://github.com/OpenNeuroDerivatives/ds001734-fmriprep/tree/main/sourcedata/freesurfer	https://github.com/OpenNeuroDerivatives/ds001734-mriqc
ds001745	False	False	n/a	False	True	24	https://github.com/OpenNeuroDatasets/ds001745	n/a	n/a	https://github.com/OpenNeuroDerivatives/ds001745-mriqc
ds001747	True	True	['participant_id', 'group', 'sex', 'age', 'ethnicity', 'years_education', 'eng_proficiency_score', 'sp_proficiency_score', 'num_lang']	False	True	92	https://github.com/OpenNeuroDatasets/ds001747	n/a	n/a	https://github.com/OpenNeuroDerivatives/ds001747-mriqc
ds001748	True	False	['participant_id', 'age', 'sex', 'group']	False	True	62	https://github.com/OpenNeuroDatasets/ds001748	https://github.com/OpenNeuroDerivatives/ds001748-fmriprep	https://github.com/OpenNeuroDerivatives/ds001748-fmriprep/tree/main/sourcedata/freesurfer	https://github.com/OpenNeuroDerivatives/ds001748-mriqc
ds001761	True	False	['participant_id', 'age', 'sex']	False	True	4	https://github.com/OpenNeuroDatasets/ds001761	n/a	n/a	https://github.com/OpenNeuroDerivatives/ds001761-mriqc
ds001762	False	False	n/a	False	True	31	https://github.com/OpenNeuroDatasets/ds001762	n/a	n/a	https://github.com/OpenNeuroDerivatives/ds001762-mriqc
ds001775	False	False	n/a	False	True	24	https://github.com/OpenNeuroDatasets/ds001775	n/a	n/a	https://github.com/OpenNeuroDerivatives/ds001775-mriqc
ds001814	True	True	['participant_id', 'gender', 'age', 'scanner', 'exclude', 'exclude_reason']	False	True	35	https://github.com/OpenNeuroDatasets/ds001814	n/a	n/a	https://github.com/OpenNeuroDerivatives/ds001814-mriqc
ds001818	True	False	['participant_id']	False	True	50	https://github.com/OpenNeuroDatasets/ds001818	n/a	n/a	https://github.com/OpenNeuroDerivatives/ds001818-mriqc
ds001832	False	False	n/a	False	True	16	https://github.com/OpenNeuroDatasets/ds001832	https://github.com/OpenNeuroDerivatives/ds001832-fmriprep	https://github.com/OpenNeuroDerivatives/ds001832-fmriprep/tree/main/sourcedata/freesurfer	https://github.com/OpenNeuroDerivatives/ds001832-mriqc
ds001838	True	True	['participant_id', 'group', 'age', 'sex', 'NeurologicalQuestionnaire_Eligibility', 'HandednessPerformance_Handedness', 'Edinburgh_Handedness', 'Run1_Included', 'Run2_Included', 'Run3_Included', 'Run4_Included', 'Participant_Included']	False	True	53	https://github.com/OpenNeuroDatasets/ds001838	n/a	n/a	https://github.com/OpenNeuroDerivatives/ds001838-mriqc
ds001840	True	False	['participant_id', 'age', 'DOB', 'sex']	False	True	24	https://github.com/OpenNeuroDatasets/ds001840	n/a	n/a	https://github.com/OpenNeuroDerivatives/ds001840-mriqc
ds001847	False	False	n/a	False	True	32	https://github.com/OpenNeuroDatasets/ds001847	n/a	n/a	https://github.com/OpenNeuroDerivatives/ds001847-mriqc
ds001848	True	True	['participant_id', 'age', 'sex', 'handedness', 'include-run-01', 'include-run-02', 'include-run-03', 'total_runs', 'include_final']	False	True	52	https://github.com/OpenNeuroDatasets/ds001848	n/a	n/a	https://github.com/OpenNeuroDerivatives/ds001848-mriqc
ds001882	True	False	['participant_id', 'age', 'sex']	False	True	20	https://github.com/OpenNeuroDatasets/ds001882	n/a	n/a	https://github.com/OpenNeuroDerivatives/ds001882-mriqc
ds001883	True	False	['participant_id', 'age', 'sex']	False	True	21	https://github.com/OpenNeuroDatasets/ds001883	n/a	n/a	https://github.com/OpenNeuroDerivatives/ds001883-mriqc
ds001894	True	True	['participant_id', 'age_ses-T1_phenotype', 'age_ses-T1_T1w', 'age_ses-T1_AANonWord_run-01', 'age_ses-T1_AANonWord_run-02', 'age_ses-T1_AAWord_run-01', 'age_ses-T1_AAWord_run-02', 'age_ses-T1_AVNonWord_run-01', 'age_ses-T1_AVNonWord_run-02', 'age_ses-T1_AVWord_run-01', 'age_ses-T1_AVWord_run-02', 'age_ses-T1_VVNonWord_run-01', 'age_ses-T1_VVNonWord_run-02', 'age_ses-T1_VVWord_run-01', 'age_ses-T1_VVWord_run-02', 'age_ses-T1_dwi', 'age_ses-T2_phenotype', 'age_ses-T2_T1w', 'age_ses-T2_VVNonWord_run-01', 'age_ses-T2_VVNonWord_run-02', 'age_ses-T2_VVWord_run-01', 'age_ses-T2_VVWord_run-02', 'sex', 'handedness']	True	True	188	https://github.com/OpenNeuroDatasets/ds001894	n/a	n/a	https://github.com/OpenNeuroDerivatives/ds001894-mriqc
ds001907	False	False	n/a	False	True	46	https://github.com/OpenNeuroDatasets/ds001907	n/a	n/a	https://github.com/OpenNeuroDerivatives/ds001907-mriqc
ds001912	False	False	n/a	False	True	17	https://github.com/OpenNeuroDatasets/ds001912	n/a	n/a	https://github.com/OpenNeuroDerivatives/ds001912-mriqc
ds001921	False	False	n/a	False	True	15	https://github.com/OpenNeuroDatasets/ds001921	n/a	n/a	https://github.com/OpenNeuroDerivatives/ds001921-mriqc
ds001923	False	False	n/a	False	True	14	https://github.com/OpenNeuroDatasets/ds001923	n/a	n/a	https://github.com/OpenNeuroDerivatives/ds001923-mriqc
ds001927	True	True	['participant_id', 'sex', 'age']	False	True	23	https://github.com/OpenNeuroDatasets/ds001927	n/a	n/a	https://github.com/OpenNeuroDerivatives/ds001927-mriqc
ds001928	True	True	['participant_id', 'age', 'sex', 'group', 'fm_years', 'pi', 'pcs', 'hlpnss', 'mgnftn', 'rmntn', 'psp', 'stai', 'state', 'trait', 'cesd', 'pic1', 'puc1', 'pic2', 'puc2', 'pim1', 'pum1', 'pim2', 'pum2', 'dpic', 'dpuc', 'dpim', 'dpum']	False	True	40	https://github.com/OpenNeuroDatasets/ds001928	n/a	n/a	https://github.com/OpenNeuroDerivatives/ds001928-mriqc
ds001946	False	False	n/a	False	True	24	https://github.com/OpenNeuroDatasets/ds001946	n/a	n/a	https://github.com/OpenNeuroDerivatives/ds001946-mriqc
ds002000	True	False	['participant_id', 'age', 'sex', 'handedness']	False	True	21	https://github.com/OpenNeuroDatasets/ds002000	n/a	n/a	https://github.com/OpenNeuroDerivatives/ds002000-mriqc
ds002006	True	False	['participant_id', 'Task_order', 'Button_order', 'Age', 'Sex', 'height_ft', 'height_in', 'height_total_inches', 'weight_lbs', 'BMI', 'Handedness', 'Race', 'Ethnicity', 'Vision', 'Learning_Attention_Disorder', 'Neurological_Disorder', 'Mental_Health_Disorder', 'Traumatic_Head_injury', 'Medications_Drug_use', 'Eating_Disorder']	False	True	30	https://github.com/OpenNeuroDatasets/ds002006	n/a	n/a	https://github.com/OpenNeuroDerivatives/ds002006-mriqc
ds002011	True	True	['participant_id', 'sex', 'Age']	False	True	22	https://github.com/OpenNeuroDatasets/ds002011	n/a	n/a	https://github.com/OpenNeuroDerivatives/ds002011-mriqc
ds002013	True	True	['participant_id', 'date', 'time']	False	True	4	https://github.com/OpenNeuroDatasets/ds002013	https://github.com/OpenNeuroDerivatives/ds002013-fmriprep	https://github.com/OpenNeuroDerivatives/ds002013-fmriprep/tree/main/sourcedata/freesurfer	https://github.com/OpenNeuroDerivatives/ds002013-mriqc
ds002014	True	False	['participant_id']	False	True	1	https://github.com/OpenNeuroDatasets/ds002014	https://github.com/OpenNeuroDerivatives/ds002014-fmriprep	https://github.com/OpenNeuroDerivatives/ds002014-fmriprep/tree/main/sourcedata/freesurfer	https://github.com/OpenNeuroDerivatives/ds002014-mriqc
ds002033	True	True	['participant_id', 'age', 'sex', 'handedness', 'Run1_Included', 'Run2_Included', 'Run3_Included', 'Run4_Included', 'Participant_Included', 'Post_hoc_Analysis_Participant_Included']	False	True	43	https://github.com/OpenNeuroDatasets/ds002033	n/a	n/a	https://github.com/OpenNeuroDerivatives/ds002033-mriqc
ds002080	True	False	['participant_id', 'sex', 'age', 'tumor type & grade', 'tumor location', 'fmri TR', 'handedness', 'height (cm)(pre-op)', 'weight (kg)(pre-op)', 'STAI', 'PSWQ', 'ERQ reappraisal', 'ERQ suppression', 'ERQ processing', 'ERQ expression', 'Loneliness', 'Marital status', 'Education level (1-9)', 'Employment', 'Sport frequency (compared to pre-op)', 'Smoking (compared to pre-op)', 'Cafeine use (compared to pre-op)', 'Alcohol use (compared to pre-op)', 'MOT_latency_mean', 'MOT_latency_md', 'MOT_error_mean', 'RTI_simple_accuracy', 'RTI_simpleRT_mean', 'RTI_simpleRT_md', 'RTI_simpleRT_sd', 'RTI_simpleMT_mean', 'RTI_simpleMT_md', 'RTI_simpleMT_sd', 'RTI_five_accuracy', 'RTI_fiveMT', 'RTI_fiveRT', 'RTI_fiveRT_sd', 'RTI_fiveMT_mean', 'RTI_fiveMT_md', 'RTI_fiveMT_sd', 'RVP_A', 'RVP_probhit', 'RVP_falsealarms', 'RVP_latancy_mean', 'RVP_latency_md', 'SOC_prob_minmoves', 'SOC_meanmoves2', 'SOC_meanmoves3', 'SOC_meanmoves4', 'SOC_meanmoves5', 'SSP_spanlength']	False	True	29	https://github.com/OpenNeuroDatasets/ds002080	n/a	n/a	https://github.com/OpenNeuroDerivatives/ds002080-mriqc
ds002105	True	True	['participant_id', 'sex', 'age', 'native_english', 'ses-rest']	False	True	24	https://github.com/OpenNeuroDatasets/ds002105	n/a	n/a	https://github.com/OpenNeuroDerivatives/ds002105-mriqc
ds002116	True	True	['participant_id', 'age', 'sex', 'Participant_Scanned?', 'Run1_Eligibility', 'Run2_Eligibility', 'Run3_Eligibility', 'Run4_Eligibility', 'Run5_Eligibility', 'OverallEligibility', 'Reason_Participant_Removed?', 'Number_Good_Runs', 'Run1_Included?', 'Run2_Included?', 'Run3_Included?', 'Run4_Included?', 'Run5_Included?', 'Number_Runs_Included', 'Unnamed: 18']	False	True	57	https://github.com/OpenNeuroDatasets/ds002116	n/a	n/a	https://github.com/OpenNeuroDerivatives/ds002116-mriqc
ds002149	True	False	['participant_id']	False	True	20	https://github.com/OpenNeuroDatasets/ds002149	n/a	n/a	https://github.com/OpenNeuroDerivatives/ds002149-mriqc
ds002153	False	False	n/a	False	True	1	https://github.com/OpenNeuroDatasets/ds002153	https://github.com/OpenNeuroDerivatives/ds002153-fmriprep	https://github.com/OpenNeuroDerivatives/ds002153-fmriprep/tree/main/sourcedata/freesurfer	https://github.com/OpenNeuroDerivatives/ds002153-mriqc
ds002155	False	False	n/a	False	True	20	https://github.com/OpenNeuroDatasets/ds002155	n/a	n/a	https://github.com/OpenNeuroDerivatives/ds002155-mriqc
ds002156	False	False	n/a	False	True	1	https://github.com/OpenNeuroDatasets/ds002156	https://github.com/OpenNeuroDerivatives/ds002156-fmriprep	https://github.com/OpenNeuroDerivatives/ds002156-fmriprep/tree/main/sourcedata/freesurfer	https://github.com/OpenNeuroDerivatives/ds002156-mriqc
ds002236	True	True	['participant_id', 'age', 'shifted_birthdate', 'sex', 'handedness', 'ethnicity', 'race']	True	True	91	https://github.com/OpenNeuroDatasets/ds002236	n/a	n/a	https://github.com/OpenNeuroDerivatives/ds002236-mriqc
ds002250	True	False	['participant_id', 'sex', 'age']	False	True	20	https://github.com/OpenNeuroDatasets/ds002250	n/a	n/a	https://github.com/OpenNeuroDerivatives/ds002250-mriqc
ds002294	False	False	n/a	False	True	40	https://github.com/OpenNeuroDatasets/ds002294	n/a	n/a	https://github.com/OpenNeuroDerivatives/ds002294-mriqc
ds002306	False	False	n/a	False	True	6	https://github.com/OpenNeuroDatasets/ds002306	n/a	n/a	https://github.com/OpenNeuroDerivatives/ds002306-mriqc
ds002316	False	False	n/a	False	True	36	https://github.com/OpenNeuroDatasets/ds002316	n/a	n/a	https://github.com/OpenNeuroDerivatives/ds002316-mriqc
ds002322	True	True	['participant_id', 'age', 'sex', 'quiz_score', 'final_dB']	False	True	26	https://github.com/OpenNeuroDatasets/ds002322	https://github.com/OpenNeuroDerivatives/ds002322-fmriprep	https://github.com/OpenNeuroDerivatives/ds002322-fmriprep/tree/main/sourcedata/freesurfer	https://github.com/OpenNeuroDerivatives/ds002322-mriqc
ds002336	True	True	['participant_id', 'age', 'sex']	False	True	10	https://github.com/OpenNeuroDatasets/ds002336	https://github.com/OpenNeuroDerivatives/ds002336-fmriprep	https://github.com/OpenNeuroDerivatives/ds002336-fmriprep/tree/main/sourcedata/freesurfer	https://github.com/OpenNeuroDerivatives/ds002336-mriqc
ds002338	True	True	['participant_id', 'age', 'sex', 'feedback_type']	False	True	17	https://github.com/OpenNeuroDatasets/ds002338	https://github.com/OpenNeuroDerivatives/ds002338-fmriprep	https://github.com/OpenNeuroDerivatives/ds002338-fmriprep/tree/main/sourcedata/freesurfer	https://github.com/OpenNeuroDerivatives/ds002338-mriqc
ds002345	True	True	['participant_id', 'age', 'sex', 'task', 'condition', 'comprehension']	False	True	300	https://github.com/OpenNeuroDatasets/ds002345	n/a	n/a	https://github.com/OpenNeuroDerivatives/ds002345-mriqc
ds002363	True	False	['participant_id', 'age', 'sex']	False	True	22	https://github.com/OpenNeuroDatasets/ds002363	n/a	n/a	https://github.com/OpenNeuroDerivatives/ds002363-mriqc
ds002382	True	False	['participant_id', 'age', 'sex']	False	True	61	https://github.com/OpenNeuroDatasets/ds002382	n/a	n/a	https://github.com/OpenNeuroDerivatives/ds002382-mriqc
ds002411	True	True	['participant_id', 'sex', 'age', 'handedness', 'edinburgh_LQ', 'recruite_Criteria', 'atCoder_Rate', 'performance_Training', 'performance_MRI', 'performance_Subcategory']	False	True	29	https://github.com/OpenNeuroDatasets/ds002411	https://github.com/OpenNeuroDerivatives/ds002411-fmriprep	https://github.com/OpenNeuroDerivatives/ds002411-fmriprep/tree/main/sourcedata/freesurfer	https://github.com/OpenNeuroDerivatives/ds002411-mriqc
ds002422	True	False	['participant_id', 'age', 'sex']	False	True	46	https://github.com/OpenNeuroDatasets/ds002422	https://github.com/OpenNeuroDerivatives/ds002422-fmriprep	https://github.com/OpenNeuroDerivatives/ds002422-fmriprep/tree/main/sourcedata/freesurfer	https://github.com/OpenNeuroDerivatives/ds002422-mriqc
ds002424	True	True	['participant_id', 'age_ses-T1', 'age_ses-T2', 'sex', 'handedness', 'ADHD_diagnosis', 'ADHD_medication', 'SLD_datetime', 'SLI_datetime', 'SSD_datetime', 'SSI_datetime', 'VLD_datetime', 'VLI_datetime', 'VSD_datetime', 'VSI_datetime', 'race', 'ethnicity']	True	True	79	https://github.com/OpenNeuroDatasets/ds002424	n/a	n/a	https://github.com/OpenNeuroDerivatives/ds002424-mriqc
ds002522	True	True	['participant_id', 'group', 'age', 'sex']	False	True	48	https://github.com/OpenNeuroDatasets/ds002522	n/a	n/a	https://github.com/OpenNeuroDerivatives/ds002522-mriqc
ds002543	True	True	['participant_id', 'sex', 'age']	False	True	49	https://github.com/OpenNeuroDatasets/ds002543	n/a	n/a	https://github.com/OpenNeuroDerivatives/ds002543-mriqc
ds002547	True	True	['participant_id', 'sex', 'age', 'validation_session']	False	True	26	https://github.com/OpenNeuroDatasets/ds002547	n/a	n/a	https://github.com/OpenNeuroDerivatives/ds002547-mriqc
ds002549	False	False	n/a	False	True	1	https://github.com/OpenNeuroDatasets/ds002549	n/a	n/a	https://github.com/OpenNeuroDerivatives/ds002549-mriqc
ds002574	False	False	n/a	False	True	3	https://github.com/OpenNeuroDatasets/ds002574	n/a	n/a	https://github.com/OpenNeuroDerivatives/ds002574-mriqc
ds002596	False	False	n/a	False	True	19	https://github.com/OpenNeuroDatasets/ds002596	n/a	n/a	https://github.com/OpenNeuroDerivatives/ds002596-mriqc
ds002608	False	False	n/a	False	True	41	https://github.com/OpenNeuroDatasets/ds002608	n/a	n/a	https://github.com/OpenNeuroDerivatives/ds002608-mriqc
ds002655	True	False	['participant_id', 'sex', 'age']	False	True	35	https://github.com/OpenNeuroDatasets/ds002655	n/a	n/a	https://github.com/OpenNeuroDerivatives/ds002655-mriqc
ds002675	False	False	n/a	False	True	24	https://github.com/OpenNeuroDatasets/ds002675	n/a	n/a	https://github.com/OpenNeuroDerivatives/ds002675-mriqc
ds002687	True	True	['participant_id', 'sex', 'race', 'ethnicity', 'age', 'SLD_datetime', 'SLI_datetime', 'SSD_datetime', 'SSI_datetime', 'VLD_datetime', 'VLI_datetime', 'VSD_datetime', 'VSI_datetime']	False	True	24	https://github.com/OpenNeuroDatasets/ds002687	https://github.com/OpenNeuroDerivatives/ds002687-fmriprep	https://github.com/OpenNeuroDerivatives/ds002687-fmriprep/tree/main/sourcedata/freesurfer	https://github.com/OpenNeuroDerivatives/ds002687-mriqc
ds002711	True	False	['participant_id', 'sex', 'age']	False	True	15	https://github.com/OpenNeuroDatasets/ds002711	n/a	n/a	https://github.com/OpenNeuroDerivatives/ds002711-mriqc
ds002715	False	False	n/a	False	True	7	https://github.com/OpenNeuroDatasets/ds002715	n/a	n/a	https://github.com/OpenNeuroDerivatives/ds002715-mriqc
ds002727	True	False	['participant_id', 'age', 'sex']	True	True	23	https://github.com/OpenNeuroDatasets/ds002727	n/a	n/a	https://github.com/OpenNeuroDerivatives/ds002727-mriqc
ds002731	True	False	['participant_id', 'age', 'sex', 'group']	False	True	59	https://github.com/OpenNeuroDatasets/ds002731	n/a	n/a	https://github.com/OpenNeuroDerivatives/ds002731-mriqc
ds002732	True	False	['participant_id', 'sex', 'age']	False	True	30	https://github.com/OpenNeuroDatasets/ds002732	n/a	n/a	https://github.com/OpenNeuroDerivatives/ds002732-mriqc
ds002733	False	False	n/a	False	True	1	https://github.com/OpenNeuroDatasets/ds002733	n/a	n/a	https://github.com/OpenNeuroDerivatives/ds002733-mriqc
ds002734	False	False	n/a	False	True	22	https://github.com/OpenNeuroDatasets/ds002734	https://github.com/OpenNeuroDerivatives/ds002734-fmriprep	https://github.com/OpenNeuroDerivatives/ds002734-fmriprep/tree/main/sourcedata/freesurfer	https://github.com/OpenNeuroDerivatives/ds002734-mriqc
ds002735	False	False	n/a	False	True	11	https://github.com/OpenNeuroDatasets/ds002735	n/a	n/a	https://github.com/OpenNeuroDerivatives/ds002735-mriqc
ds002748	True	True	['participant_id', 'age', 'gender', 'group', 'IQ_Raven', 'ICD-10', 'MADRS', 'Zung_SDS', 'BDI', 'HADS-anx', 'HADS-depr', 'MC-SDS', 'TAS-26', 'ECR-avoid', 'ECR-anx', 'RRS-sum', 'RRS-reflection', 'RRS-brooding', 'RRS-depr', 'Edinburgh']	False	True	72	https://github.com/OpenNeuroDatasets/ds002748	https://github.com/OpenNeuroDerivatives/ds002748-fmriprep	https://github.com/OpenNeuroDerivatives/ds002748-fmriprep/tree/main/sourcedata/freesurfer	https://github.com/OpenNeuroDerivatives/ds002748-mriqc
ds002750	True	False	['participant_id', 'sex', 'age']	False	True	3	https://github.com/OpenNeuroDatasets/ds002750	n/a	n/a	https://github.com/OpenNeuroDerivatives/ds002750-mriqc
ds002785	True	True	['participant_id', 'age', 'sex', 'BMI', 'handedness', 'education_category', 'religious_now', 'raven_score', 'NEO_N', 'NEO_E', 'NEO_O', 'NEO_A', 'NEO_C']	False	True	200	https://github.com/OpenNeuroDatasets/ds002785	n/a	n/a	https://github.com/OpenNeuroDerivatives/ds002785-mriqc
ds002790	True	True	['participant_id', 'age', 'sex', 'BMI', 'handedness', 'education_category', 'raven_score', 'NEO_N', 'NEO_E', 'NEO_O', 'NEO_A', 'NEO_C']	False	True	200	https://github.com/OpenNeuroDatasets/ds002790	n/a	n/a	https://github.com/OpenNeuroDerivatives/ds002790-mriqc
ds002793	True	False	['participant_id', 'sex', 'age']	False	True	28	https://github.com/OpenNeuroDatasets/ds002793	n/a	n/a	https://github.com/OpenNeuroDerivatives/ds002793-mriqc
ds002797	True	False	['participant_id', 'age', 'sex']	False	True	22	https://github.com/OpenNeuroDatasets/ds002797	n/a	n/a	https://github.com/OpenNeuroDerivatives/ds002797-mriqc
ds002799	True	False	['participant_id', 'sex', 'age', 'handedness']	False	True	26	https://github.com/OpenNeuroDatasets/ds002799	n/a	n/a	https://github.com/OpenNeuroDerivatives/ds002799-mriqc
ds002813	True	True	['participant_id', 'age', 'gender', 'inclusion', 'comment']	False	True	38	https://github.com/OpenNeuroDatasets/ds002813	n/a	n/a	https://github.com/OpenNeuroDerivatives/ds002813-mriqc
ds002835	True	False	['participant_id', 'sex']	False	True	26	https://github.com/OpenNeuroDatasets/ds002835	n/a	n/a	https://github.com/OpenNeuroDerivatives/ds002835-mriqc
ds002837	True	True	['participant_id', 'age', 'sex', 'task']	False	True	86	https://github.com/OpenNeuroDatasets/ds002837	n/a	n/a	https://github.com/OpenNeuroDerivatives/ds002837-mriqc
ds002841	False	False	n/a	False	True	29	https://github.com/OpenNeuroDatasets/ds002841	n/a	n/a	https://github.com/OpenNeuroDerivatives/ds002841-mriqc
ds002843	True	True	['participant_id', 'sex', 'age', 'Shipley', 'condition', 'Education']	False	True	165	https://github.com/OpenNeuroDatasets/ds002843	n/a	n/a	https://github.com/OpenNeuroDerivatives/ds002843-mriqc
ds002848	True	False	['participant_id', 'age', 'sex']	False	True	5	https://github.com/OpenNeuroDatasets/ds002848	n/a	n/a	https://github.com/OpenNeuroDerivatives/ds002848-mriqc
ds002878	True	True	['participant_id', 'age', 'sex', 'group', 'svt', 'soccer_exp']	False	True	35	https://github.com/OpenNeuroDatasets/ds002878	n/a	n/a	https://github.com/OpenNeuroDerivatives/ds002878-mriqc
ds002879	True	True	['participant_id', 'shifted_dob', 'age', 'sex', 'race', 'ethnicity', 'WJ-III_WordID_StS', 'WJ-III_WA_StS', 'AANonWord_run-01_date', 'AANonWord_run-02_date', 'AAWord_run-01_date', 'AAWord_run-02_date', 'T1w_date', 'VVNonWord_run-01_date', 'VVNonWord_run-02_date', 'VVWord_run-01_date', 'VVWord_run-02_date', 'VVWord_run-02_date.1']	False	True	32	https://github.com/OpenNeuroDatasets/ds002879	n/a	n/a	https://github.com/OpenNeuroDerivatives/ds002879-mriqc
ds002886	True	True	['participant_id', 'age_ses-T1', 'age_ses-T2', 'sex', 'handedness', 'T1w_date', 'Syllogisms_run-01_date', 'Syllogisms_run-02_date', 'Transitive_run-01_date', 'Transitive_run-02_date', 'race', 'ethnicity']	True	True	56	https://github.com/OpenNeuroDatasets/ds002886	https://github.com/OpenNeuroDerivatives/ds002886-fmriprep	https://github.com/OpenNeuroDerivatives/ds002886-fmriprep/tree/main/sourcedata/freesurfer	https://github.com/OpenNeuroDerivatives/ds002886-mriqc
ds002896	True	True	['participant_id', 'AGE', 'HEARING LOSS', 'THI', 'DURATION of TINNITUS', 'CONTROLS', 'TINNITUS PARTICIPANTS']	False	True	38	https://github.com/OpenNeuroDatasets/ds002896	n/a	n/a	https://github.com/OpenNeuroDerivatives/ds002896-mriqc
ds002898	True	True	['participant_id', 'age', 'sex', 'handedness', 'education_years', 'education_specify', 'efl', 'first_language', 'visual_impairment', 'visual_impairment_specify', 'mental_illness_history', 'mental_illness_history_specify', 'cardiovascular_disease', 'diabetes', 'regular_medication', 'regular_medication_specify', 'current_smoker', 'current_smoker_specify', 'previous_smoker', 'previous_smoker_specify', 'alcohol_consumption', 'alcolhol_drinking_days', 'alcohol_number_drinks', 'alcohol_notes', 'recreational_drugs', 'recreational_drugs_specify', 'edinburgh_hand_r', 'edinburgh_hand_l', 'cesd_r']	False	True	27	https://github.com/OpenNeuroDatasets/ds002898	https://github.com/OpenNeuroDerivatives/ds002898-fmriprep	https://github.com/OpenNeuroDerivatives/ds002898-fmriprep/tree/main/sourcedata/freesurfer	https://github.com/OpenNeuroDerivatives/ds002898-mriqc
ds003007	True	True	['participant_id', 'age', 'gender', 'group', 'IQ_Raven', 'ICD-10_ses-pre', 'ICD-10_ses-post', 'MADRS_ses-pre', 'MADRS_ses-post', 'Zung_SDS_ses-pre', 'Zung_SDS_ses-post', 'BDI_ses-pre', 'BDI_ses-post', 'MC-SDS_ses-pre', 'MC-SDS_ses-post', 'TAS-26_ses-pre', 'TAS-26_ses-post', 'ECR-avoid_ses-pre', 'ECR-anx_ses-pre', 'ECR-avoid_ses-post', 'ECR-anx_ses-post', 'RRS-sum_ses-pre', 'RRS-reflection_ses-pre', 'RRS-brooding_ses-pre', 'RRS-depr_ses-pre', 'RRS-sum_ses-post', 'RRS-reflection_ses-post', 'RRS-brooding_ses-post', 'RRS-depr_ses-post', 'Edinburgh']	False	True	29	https://github.com/OpenNeuroDatasets/ds003007	https://github.com/OpenNeuroDerivatives/ds003007-fmriprep	https://github.com/OpenNeuroDerivatives/ds003007-fmriprep/tree/main/sourcedata/freesurfer	https://github.com/OpenNeuroDerivatives/ds003007-mriqc
ds003011	True	True	['participant_id', 'has_Y1CMH', 'has_Y1MRC', 'has_Y1ZHH', 'has_Y2CMH', 'has_Y2MRC', 'has_Y2ZHH', 'has_Y3CMH', 'has_Y3MRP', 'has_Y3ZHP', 'has_Y4CMP', 'qc_comments']	False	True	4	https://github.com/OpenNeuroDatasets/ds003011	n/a	n/a	https://github.com/OpenNeuroDerivatives/ds003011-mriqc
ds003017	True	True	['participant_id', 'age', 'sex', 'headcase']	False	True	25	https://github.com/OpenNeuroDatasets/ds003017	n/a	n/a	https://github.com/OpenNeuroDerivatives/ds003017-mriqc
ds003037	True	False	['participant_id', 'age', 'sex', 'group', 'educ', 'exclusion']	False	True	53	https://github.com/OpenNeuroDatasets/ds003037	n/a	n/a	https://github.com/OpenNeuroDerivatives/ds003037-mriqc
ds003076	True	True	['participant_id', 'age']	False	True	17	https://github.com/OpenNeuroDatasets/ds003076	n/a	n/a	https://github.com/OpenNeuroDerivatives/ds003076-mriqc
ds003083	True	True	['participant_id', 'age']	False	True	26	https://github.com/OpenNeuroDatasets/ds003083	n/a	n/a	https://github.com/OpenNeuroDerivatives/ds003083-mriqc
ds003085	False	False	n/a	False	True	39	https://github.com/OpenNeuroDatasets/ds003085	https://github.com/OpenNeuroDerivatives/ds003085-fmriprep	https://github.com/OpenNeuroDerivatives/ds003085-fmriprep/tree/main/sourcedata/freesurfer	https://github.com/OpenNeuroDerivatives/ds003085-mriqc
ds003089	False	False	n/a	False	True	20	https://github.com/OpenNeuroDatasets/ds003089	n/a	n/a	https://github.com/OpenNeuroDerivatives/ds003089-mriqc
ds003095	True	False	['participant_id', 'age', 'sex', 'ImmScore']	False	True	38	https://github.com/OpenNeuroDatasets/ds003095	n/a	n/a	https://github.com/OpenNeuroDerivatives/ds003095-mriqc
ds003097	True	True	['participant_id', 'age', 'sex', 'handedness', 'BMI', 'education_level', 'background_SES', 'IST_fluid', 'IST_memory', 'IST_crystallised', 'IST_intelligence_total', 'BAS_drive', 'BAS_fun', 'BAS_reward', 'BIS', 'NEO_N', 'NEO_E', 'NEO_O', 'NEO_A', 'NEO_C', 'STAI_T', 'sexual_attraction_M', 'sexual_attraction_F', 'gender_identity_M', 'gender_identity_F', 'religious_upbringing', 'religious_now', 'religious_importance', 'DWI_TR_run1', 'DWI_TR_run2', 'DWI_TR_run3']	False	True	928	https://github.com/OpenNeuroDatasets/ds003097	n/a	n/a	https://github.com/OpenNeuroDerivatives/ds003097-mriqc
ds003114	True	True	['participant_id', 'age', 'sex', 'group', 'Progesterone (pg/ml)', 'Estrogen (pg/ml)', 'BAS-rewards', 'BAS-drive', 'BAS-fun seeking', 'BIS']	False	True	49	https://github.com/OpenNeuroDatasets/ds003114	n/a	n/a	https://github.com/OpenNeuroDerivatives/ds003114-mriqc
ds003126	True	True	['participant_id', 'age', 'sex', 'group']	False	True	58	https://github.com/OpenNeuroDatasets/ds003126	n/a	n/a	https://github.com/OpenNeuroDerivatives/ds003126-mriqc
ds003146	True	True	['participant_id', 'Group']	False	True	33	https://github.com/OpenNeuroDatasets/ds003146	n/a	n/a	https://github.com/OpenNeuroDerivatives/ds003146-mriqc
ds003342	True	False	['participant_id']	False	True	19	https://github.com/OpenNeuroDatasets/ds003342	n/a	n/a	https://github.com/OpenNeuroDerivatives/ds003342-mriqc
ds003345	False	False	n/a	False	True	75	https://github.com/OpenNeuroDatasets/ds003345	n/a	n/a	https://github.com/OpenNeuroDerivatives/ds003345-mriqc
ds003357	True	True	['participant_id', 'group', 'gender', 'age']	False	True	32	https://github.com/OpenNeuroDatasets/ds003357	n/a	n/a	https://github.com/OpenNeuroDerivatives/ds003357-mriqc
ds003381	True	False	['participant_id', 'age', 'sex']	False	True	21	https://github.com/OpenNeuroDatasets/ds003381	n/a	n/a	https://github.com/OpenNeuroDerivatives/ds003381-mriqc
ds003397	True	True	['participant_id', 'group', 'hb', 'bsl', 'age', 'gender', 'handedness', 'education_years', 'highest_level_education_completed', 'english_as_first_language', 'visual_impairments', 'visual_impairment_specify', 'hearing_impairment', 'hearing_specify', 'personal_history_mental_illness', 'mental_illness_history_specify', 'personal_history_mental_illness_ever_diagnosed', 'personal_history_mental_illness_receive_treatment', 'family_history_mental_illness', 'family_health_mental_illness_specify', 'personal_history_mental_illness_ever_diagnosed.1', 'family_history_dementia', 'family_history_dementia_specify', 'family_history_dementia_ever_diagnosed', 'cardiovascular', 'diabetes', 'current_tobacco', 'current_tobacco_average_per_day', 'ever_smoked', 'ever_smoked_average', 'ever_consumed_alcohol', 'how_often', 'standard_drinks_per_occasion', 'recreational_drugs_last_6_months', 'drugs_specify', 'drugs_how_often']	False	True	15	https://github.com/OpenNeuroDatasets/ds003397	n/a	n/a	https://github.com/OpenNeuroDerivatives/ds003397-mriqc
ds003424	True	False	['participant_id', 'age', 'gender', 'BMI', 'grand_int_Su_CA_NaCl', 'grand_int_Su_CA_NaCl_Qu', 'F2F_run-01', 'F2F_run-02', 'F2F_run-03', 'F2F_run-04', 'TM_run-01', 'TM_run-02', 'TM_run-03', 'TM_run-04']	False	True	28	https://github.com/OpenNeuroDatasets/ds003424	n/a	n/a	https://github.com/OpenNeuroDerivatives/ds003424-mriqc
ds003433	False	False	n/a	False	True	18	https://github.com/OpenNeuroDatasets/ds003433	n/a	n/a	https://github.com/OpenNeuroDerivatives/ds003433-mriqc
ds003434	False	False	n/a	False	True	18	https://github.com/OpenNeuroDatasets/ds003434	n/a	n/a	https://github.com/OpenNeuroDerivatives/ds003434-mriqc
ds003436	True	True	['participant_id', 'age', 'sex', 'A', 'E', 'C', 'N', 'O', 'IQ', 'SOCIAL', 'RANDOM']	False	True	55	https://github.com/OpenNeuroDatasets/ds003436	n/a	n/a	https://github.com/OpenNeuroDerivatives/ds003436-mriqc
ds003441	False	False	n/a	False	True	2	https://github.com/OpenNeuroDatasets/ds003441	n/a	n/a	https://github.com/OpenNeuroDerivatives/ds003441-mriqc
ds003465	True	False	['participant_id', 'age', 'sex']	False	True	55	https://github.com/OpenNeuroDatasets/ds003465	n/a	n/a	https://github.com/OpenNeuroDerivatives/ds003465-mriqc
ds003469	True	False	['participant_id', 'age', 'sex']	False	True	81	https://github.com/OpenNeuroDatasets/ds003469	n/a	n/a	https://github.com/OpenNeuroDerivatives/ds003469-mriqc
ds003470	True	True	['participant_id', 'session_id', 'age', 'sex', 'size', 'weight']	False	True	20	https://github.com/OpenNeuroDatasets/ds003470	n/a	n/a	https://github.com/OpenNeuroDerivatives/ds003470-mriqc
ds003481	False	False	n/a	False	True	145	https://github.com/OpenNeuroDatasets/ds003481	n/a	n/a	https://github.com/OpenNeuroDerivatives/ds003481-mriqc
ds003487	False	False	n/a	False	True	24	https://github.com/OpenNeuroDatasets/ds003487	n/a	n/a	https://github.com/OpenNeuroDerivatives/ds003487-mriqc
ds003495	True	False	['participant_id']	False	True	24	https://github.com/OpenNeuroDatasets/ds003495	n/a	n/a	https://github.com/OpenNeuroDerivatives/ds003495-mriqc
ds003500	True	True	['participant_id', 'birthdate_shifted', 'sex', 'adhd', 'handedness', 'a_date', 'b_date']	True	True	38	https://github.com/OpenNeuroDatasets/ds003500	n/a	n/a	https://github.com/OpenNeuroDerivatives/ds003500-mriqc
ds003507	True	True	['participant_id', 'sex', 'age']	False	True	21	https://github.com/OpenNeuroDatasets/ds003507	n/a	n/a	https://github.com/OpenNeuroDerivatives/ds003507-mriqc
ds003521	True	False	['participant_id', 'age', 'sex', 'group']	False	True	35	https://github.com/OpenNeuroDatasets/ds003521	n/a	n/a	https://github.com/OpenNeuroDerivatives/ds003521-mriqc
ds003542	True	True	['participant_id', 'age', 'sex', 'group', 'L1', 'Ln']	False	True	34	https://github.com/OpenNeuroDatasets/ds003542	n/a	n/a	https://github.com/OpenNeuroDerivatives/ds003542-mriqc
ds003545	True	True	['participant_id', 'age', 'sex', 'scanner_model', 'L1_ses-01', 'L1_ses-02', 'Ln_ses-01', 'Ln_ses-02']	False	True	24	https://github.com/OpenNeuroDatasets/ds003545	n/a	n/a	https://github.com/OpenNeuroDerivatives/ds003545-mriqc
ds003548	True	True	['participant_id', 'education', 'bmi']	False	True	16	https://github.com/OpenNeuroDatasets/ds003548	https://github.com/OpenNeuroDerivatives/ds003548-fmriprep	https://github.com/OpenNeuroDerivatives/ds003548-fmriprep/tree/main/sourcedata/freesurfer	https://github.com/OpenNeuroDerivatives/ds003548-mriqc
ds003550	True	True	['participant_id', 'age', 'sex', 'handedness']	False	True	38	https://github.com/OpenNeuroDatasets/ds003550	n/a	n/a	https://github.com/OpenNeuroDerivatives/ds003550-mriqc
ds003569	True	True	['participant_id', 'age', 'sex', 'tsa_rt', 'tsw_rt', 'rs_rt', 'tsa_error', 'tsw_error', 'rs_error']	False	True	25	https://github.com/OpenNeuroDatasets/ds003569	n/a	n/a	https://github.com/OpenNeuroDerivatives/ds003569-mriqc
ds003604	True	True	['participant_id', 'birthdate', 'sex', 'handedness_ses-5', 'handedness_ses-7', 'handedness_ses-9', 'ses-5_date_ST', 'ses-7_date_ST', 'ses-9_date_ST']	True	True	268	https://github.com/OpenNeuroDatasets/ds003604	n/a	n/a	https://github.com/OpenNeuroDerivatives/ds003604-mriqc
ds003606	True	False	['participant_id', 'sex', 'age']	False	True	29	https://github.com/OpenNeuroDatasets/ds003606	n/a	n/a	https://github.com/OpenNeuroDerivatives/ds003606-mriqc
ds003612	True	False	['participant_id', '        age', 'sex', 'group', 'HDT ', 'EHI', 'VMIQ']	False	True	48	https://github.com/OpenNeuroDatasets/ds003612	n/a	n/a	https://github.com/OpenNeuroDerivatives/ds003612-mriqc
ds003661	False	False	n/a	False	True	5	https://github.com/OpenNeuroDatasets/ds003661	n/a	n/a	https://github.com/OpenNeuroDerivatives/ds003661-mriqc
ds003669	False	False	n/a	False	True	46	https://github.com/OpenNeuroDatasets/ds003669	n/a	n/a	https://github.com/OpenNeuroDerivatives/ds003669-mriqc
ds003709	True	True	['participant_id', 'sex', 'age', 'handedness', 'group', 'MFQ', 'SHAPS']	False	True	51	https://github.com/OpenNeuroDatasets/ds003709	n/a	n/a	https://github.com/OpenNeuroDerivatives/ds003709-mriqc
ds003711	True	False	['participant_id', 'age', 'sex']	False	True	35	https://github.com/OpenNeuroDatasets/ds003711	n/a	n/a	https://github.com/OpenNeuroDerivatives/ds003711-mriqc
ds003717	True	False	['participant_id', 'age', 'sex', 'handedness', 'L_250', 'L_500', 'L_1000', 'L_2000', 'L_4000', 'L_6000', 'L_8000', 'R_250', 'R_500', 'R_1000', 'R_2000', 'R_4000', 'R_6000', 'R_8000']	False	True	60	https://github.com/OpenNeuroDatasets/ds003717	n/a	n/a	https://github.com/OpenNeuroDerivatives/ds003717-mriqc
ds003720	False	False	n/a	False	True	5	https://github.com/OpenNeuroDatasets/ds003720	n/a	n/a	https://github.com/OpenNeuroDerivatives/ds003720-mriqc
ds003745	True	False	['participant_id', 'age', 'sex', 'group']	False	True	50	https://github.com/OpenNeuroDatasets/ds003745	n/a	n/a	https://github.com/OpenNeuroDerivatives/ds003745-mriqc
ds003752	False	False	n/a	False	True	3	https://github.com/OpenNeuroDatasets/ds003752	n/a	n/a	https://github.com/OpenNeuroDerivatives/ds003752-mriqc
ds003763	True	False	['participant_id', 'age', 'sex', 'IAcc', 'mislocalization', 'drift_emerg_30', 'drift_emerg_60', 'drift_emerg_120', 'drift_emerg_240', 'drift_fading_15', 'drift_fading_30', 'drift_fading_60', 'drift_fading_120', 'drift_fading_240', 'test_own_15', 'test_own_30', 'test_own_60', 'test_own_120', 'test_own_240', 'control_own_15', 'control_own_30', 'control_own_60', 'control_own_120', 'control_own_240']	False	True	30	https://github.com/OpenNeuroDatasets/ds003763	n/a	n/a	https://github.com/OpenNeuroDerivatives/ds003763-mriqc
ds003764	False	False	n/a	False	True	60	https://github.com/OpenNeuroDatasets/ds003764	n/a	n/a	https://github.com/OpenNeuroDerivatives/ds003764-mriqc
ds003768	False	False	n/a	False	True	33	https://github.com/OpenNeuroDatasets/ds003768	n/a	n/a	https://github.com/OpenNeuroDerivatives/ds003768-mriqc
ds003772	True	True	['participant_id', 'age', 'sex']	False	True	32	https://github.com/OpenNeuroDatasets/ds003772	n/a	n/a	https://github.com/OpenNeuroDerivatives/ds003772-mriqc
ds003782	True	False	['participant_id']	False	True	40	https://github.com/OpenNeuroDatasets/ds003782	n/a	n/a	https://github.com/OpenNeuroDerivatives/ds003782-mriqc
ds003791	True	True	['participant_id', 'Sex', 'Age', 'first_condition', 'code_in_Supplementary_Table1']	False	True	49	https://github.com/OpenNeuroDatasets/ds003791	n/a	n/a	https://github.com/OpenNeuroDerivatives/ds003791-mriqc
ds003831	True	True	['participant_id', 'age', 'sex', 'group', 'design', 'mod1', 'mod2', 'sham_rpt', 'sham_cnf', 'zemg', 'resp', 'error']	False	True	73	https://github.com/OpenNeuroDatasets/ds003831	n/a	n/a	https://github.com/OpenNeuroDerivatives/ds003831-mriqc
ds003858	True	False	['participant_id', 'gender', 'age', 'mb_order']	False	True	12	https://github.com/OpenNeuroDatasets/ds003858	n/a	n/a	https://github.com/OpenNeuroDerivatives/ds003858-mriqc
ds003972	True	True	['participant_id', 'sex', 'age']	False	True	8	https://github.com/OpenNeuroDatasets/ds003972	n/a	n/a	https://github.com/OpenNeuroDerivatives/ds003972-mriqc
ds003988	False	False	n/a	False	True	56	https://github.com/OpenNeuroDatasets/ds003988	n/a	n/a	https://github.com/OpenNeuroDerivatives/ds003988-mriqc
ds004006	True	False	['participant_id', 'age', 'sex']	False	True	41	https://github.com/OpenNeuroDatasets/ds004006	n/a	n/a	https://github.com/OpenNeuroDerivatives/ds004006-mriqc
ds004007	False	False	n/a	False	True	25	https://github.com/OpenNeuroDatasets/ds004007	n/a	n/a	https://github.com/OpenNeuroDerivatives/ds004007-mriqc
ds004044	True	True	['participant_id', 'age', 'sex', 'group']	False	True	62	https://github.com/OpenNeuroDatasets/ds004044	n/a	n/a	https://github.com/OpenNeuroDerivatives/ds004044-mriqc
ds004073	True	True	['participant_id', 'sex', 'handedness', 'site', 'ftcd-WG', 'ftcd-SG', 'ftcd-PD', 'ftcd-WC', 'ftcd-SC', 'ftcd-SD', 'ftcd-fmri-delay-days']	False	True	50	https://github.com/OpenNeuroDatasets/ds004073	n/a	n/a	https://github.com/OpenNeuroDerivatives/ds004073-mriqc
ds004086	False	False	n/a	False	True	58	https://github.com/OpenNeuroDatasets/ds004086	n/a	n/a	https://github.com/OpenNeuroDerivatives/ds004086-mriqc
ds004094	True	True	['participant_id', 'age', 'sex', 'group']	False	True	37	https://github.com/OpenNeuroDatasets/ds004094	n/a	n/a	https://github.com/OpenNeuroDerivatives/ds004094-mriqc
ds004128	True	False	['participant_id', 'age', 'sex']	False	True	32	https://github.com/OpenNeuroDatasets/ds004128	n/a	n/a	https://github.com/OpenNeuroDerivatives/ds004128-mriqc
ds004144	False	False	n/a	False	True	66	https://github.com/OpenNeuroDatasets/ds004144	n/a	n/a	https://github.com/OpenNeuroDerivatives/ds004144-mriqc
ds004215	True	True	['participant_id', 'age', 'sex', 'handedness', 'eligibility', 'MRI', 'MEG', 'ace', 'acute_care', 'audit', 'bai', 'bdi', 'blood_chemistry', 'cbc_with_differential', 'clinical_variable_form', 'demographics', 'drug_use', 'ehi', 'figs', 'health_history_questions', 'health_rating', 'hematology', 'hepatic', 'infectious_disease', 'kbit2_vas', 'lipid', 'mental_health_questions', 'mri_variables', 'nih_toolbox', 'other', 'perceived_health_rating', 'satisfaction', 'scid5', 'urinalysis', 'urine_chemistry', 'vitamin_levels', 'whodas']	True	True	155	https://github.com/OpenNeuroDatasets/ds004215	n/a	n/a	https://github.com/OpenNeuroDerivatives/ds004215-mriqc
ds004226	True	False	['participant_id', 'sex', 'age']	False	True	28	https://github.com/OpenNeuroDatasets/ds004226	n/a	n/a	https://github.com/OpenNeuroDerivatives/ds004226-mriqc
ds004280	True	True	['participant_id', 'sex', 'age']	False	True	2	https://github.com/OpenNeuroDatasets/ds004280	n/a	n/a	https://github.com/OpenNeuroDerivatives/ds004280-mriqc
